Matchname,Half,Time,Player1Name,Player1ClubName,XPos,Ypos
Chelsea v Manchester City,Second Half,2821.80,Ruben LOFTUS-CHEEK,Chelsea,-0.20,35.10
Chelsea v Manchester City,Second Half,2821.90,Ruben LOFTUS-CHEEK,Chelsea,-0.50,34.80
Chelsea v Manchester City,Second Half,2822.00,Ruben LOFTUS-CHEEK,Chelsea,-0.70,34.50
Chelsea v Manchester City,Second Half,2822.10,Ruben LOFTUS-CHEEK,Chelsea,-1.00,34.30
Chelsea v Manchester City,Second Half,2822.20,Ruben LOFTUS-CHEEK,Chelsea,-1.30,34.00
Chelsea v Manchester City,Second Half,2822.30,Ruben LOFTUS-CHEEK,Chelsea,-1.65,33.23
Chelsea v Manchester City,Second Half,2822.40,Ruben LOFTUS-CHEEK,Chelsea,-1.95,32.76
Chelsea v Manchester City,Second Half,2822.50,Ruben LOFTUS-CHEEK,Chelsea,-2.23,32.28
Chelsea v Manchester City,Second Half,2822.60,Ruben LOFTUS-CHEEK,Chelsea,-2.51,31.78
Chelsea v Manchester City,Second Half,2822.70,Ruben LOFTUS-CHEEK,Chelsea,-2.79,31.25
Chelsea v Manchester City,Second Half,2822.80,Ruben LOFTUS-CHEEK,Chelsea,-3.05,30.71
Chelsea v Manchester City,Second Half,2822.90,Ruben LOFTUS-CHEEK,Chelsea,-3.31,30.18
Chelsea v Manchester City,Second Half,2823.00,Ruben LOFTUS-CHEEK,Chelsea,-3.56,29.65
Chelsea v Manchester City,Second Half,2823.10,Ruben LOFTUS-CHEEK,Chelsea,-3.81,29.12
Chelsea v Manchester City,Second Half,2823.20,Ruben LOFTUS-CHEEK,Chelsea,-4.06,28.60
Chelsea v Manchester City,Second Half,2823.30,Ruben LOFTUS-CHEEK,Chelsea,-4.30,28.08
Chelsea v Manchester City,Second Half,2823.40,Ruben LOFTUS-CHEEK,Chelsea,-4.55,27.56
Chelsea v Manchester City,Second Half,2823.50,Ruben LOFTUS-CHEEK,Chelsea,-4.79,27.05
Chelsea v Manchester City,Second Half,2823.60,Ruben LOFTUS-CHEEK,Chelsea,-5.03,26.54
Chelsea v Manchester City,Second Half,2823.70,Ruben LOFTUS-CHEEK,Chelsea,-5.28,26.05
Chelsea v Manchester City,Second Half,2823.80,Ruben LOFTUS-CHEEK,Chelsea,-5.51,25.58
Chelsea v Manchester City,Second Half,2823.90,Ruben LOFTUS-CHEEK,Chelsea,-5.76,25.13
Chelsea v Manchester City,Second Half,2824.00,Ruben LOFTUS-CHEEK,Chelsea,-6.00,24.71
Chelsea v Manchester City,Second Half,2824.10,Ruben LOFTUS-CHEEK,Chelsea,-6.24,24.33
Chelsea v Manchester City,Second Half,2824.20,Ruben LOFTUS-CHEEK,Chelsea,-6.49,23.97
Chelsea v Manchester City,Second Half,2824.30,Ruben LOFTUS-CHEEK,Chelsea,-6.73,23.63
Chelsea v Manchester City,Second Half,2824.40,Ruben LOFTUS-CHEEK,Chelsea,-6.98,23.27
Chelsea v Manchester City,Second Half,2824.50,Ruben LOFTUS-CHEEK,Chelsea,-7.24,22.90
Chelsea v Manchester City,Second Half,2824.60,Ruben LOFTUS-CHEEK,Chelsea,-7.51,22.51
Chelsea v Manchester City,Second Half,2824.70,Ruben LOFTUS-CHEEK,Chelsea,-7.78,22.09
Chelsea v Manchester City,Second Half,2824.80,Ruben LOFTUS-CHEEK,Chelsea,-8.06,21.64
Chelsea v Manchester City,Second Half,2824.90,Ruben LOFTUS-CHEEK,Chelsea,-8.35,21.15
Chelsea v Manchester City,Second Half,2825.00,Ruben LOFTUS-CHEEK,Chelsea,-8.64,20.65
Chelsea v Manchester City,Second Half,2825.10,Ruben LOFTUS-CHEEK,Chelsea,-8.93,20.14
Chelsea v Manchester City,Second Half,2825.20,Ruben LOFTUS-CHEEK,Chelsea,-9.22,19.62
Chelsea v Manchester City,Second Half,2825.30,Ruben LOFTUS-CHEEK,Chelsea,-9.51,19.11
Chelsea v Manchester City,Second Half,2825.40,Ruben LOFTUS-CHEEK,Chelsea,-9.79,18.62
Chelsea v Manchester City,Second Half,2825.50,Ruben LOFTUS-CHEEK,Chelsea,-10.05,18.14
Chelsea v Manchester City,Second Half,2825.60,Ruben LOFTUS-CHEEK,Chelsea,-10.31,17.68
Chelsea v Manchester City,Second Half,2825.70,Ruben LOFTUS-CHEEK,Chelsea,-10.55,17.25
Chelsea v Manchester City,Second Half,2825.80,Ruben LOFTUS-CHEEK,Chelsea,-10.78,16.85
Chelsea v Manchester City,Second Half,2825.90,Ruben LOFTUS-CHEEK,Chelsea,-11.00,16.46
Chelsea v Manchester City,Second Half,2826.00,Ruben LOFTUS-CHEEK,Chelsea,-11.21,16.07
Chelsea v Manchester City,Second Half,2826.10,Ruben LOFTUS-CHEEK,Chelsea,-11.41,15.70
Chelsea v Manchester City,Second Half,2826.20,Ruben LOFTUS-CHEEK,Chelsea,-11.61,15.33
Chelsea v Manchester City,Second Half,2826.30,Ruben LOFTUS-CHEEK,Chelsea,-11.81,14.96
Chelsea v Manchester City,Second Half,2826.40,Ruben LOFTUS-CHEEK,Chelsea,-12.00,14.58
Chelsea v Manchester City,Second Half,2826.50,Ruben LOFTUS-CHEEK,Chelsea,-12.21,14.19
Chelsea v Manchester City,Second Half,2826.60,Ruben LOFTUS-CHEEK,Chelsea,-12.42,13.81
Chelsea v Manchester City,Second Half,2826.70,Ruben LOFTUS-CHEEK,Chelsea,-12.63,13.41
Chelsea v Manchester City,Second Half,2826.80,Ruben LOFTUS-CHEEK,Chelsea,-12.84,13.00
Chelsea v Manchester City,Second Half,2826.90,Ruben LOFTUS-CHEEK,Chelsea,-13.05,12.60
Chelsea v Manchester City,Second Half,2827.00,Ruben LOFTUS-CHEEK,Chelsea,-13.27,12.20
Chelsea v Manchester City,Second Half,2827.10,Ruben LOFTUS-CHEEK,Chelsea,-13.46,11.80
Chelsea v Manchester City,Second Half,2827.20,Ruben LOFTUS-CHEEK,Chelsea,-13.65,11.41
Chelsea v Manchester City,Second Half,2827.30,Ruben LOFTUS-CHEEK,Chelsea,-13.82,11.02
Chelsea v Manchester City,Second Half,2827.40,Ruben LOFTUS-CHEEK,Chelsea,-13.99,10.64
Chelsea v Manchester City,Second Half,2827.50,Ruben LOFTUS-CHEEK,Chelsea,-14.14,10.26
Chelsea v Manchester City,Second Half,2827.60,Ruben LOFTUS-CHEEK,Chelsea,-14.27,9.89
Chelsea v Manchester City,Second Half,2827.70,Ruben LOFTUS-CHEEK,Chelsea,-14.40,9.53
Chelsea v Manchester City,Second Half,2827.80,Ruben LOFTUS-CHEEK,Chelsea,-14.53,9.17
Chelsea v Manchester City,Second Half,2827.90,Ruben LOFTUS-CHEEK,Chelsea,-14.66,8.81
Chelsea v Manchester City,Second Half,2828.00,Ruben LOFTUS-CHEEK,Chelsea,-14.78,8.45
Chelsea v Manchester City,Second Half,2828.10,Ruben LOFTUS-CHEEK,Chelsea,-14.90,8.10
Chelsea v Manchester City,Second Half,2828.20,Ruben LOFTUS-CHEEK,Chelsea,-15.02,7.75
Chelsea v Manchester City,Second Half,2828.30,Ruben LOFTUS-CHEEK,Chelsea,-15.14,7.41
Chelsea v Manchester City,Second Half,2828.40,Ruben LOFTUS-CHEEK,Chelsea,-15.25,7.07
Chelsea v Manchester City,Second Half,2828.50,Ruben LOFTUS-CHEEK,Chelsea,-15.36,6.73
Chelsea v Manchester City,Second Half,2828.60,Ruben LOFTUS-CHEEK,Chelsea,-15.47,6.39
Chelsea v Manchester City,Second Half,2828.70,Ruben LOFTUS-CHEEK,Chelsea,-15.58,6.05
Chelsea v Manchester City,Second Half,2828.80,Ruben LOFTUS-CHEEK,Chelsea,-15.69,5.71
Chelsea v Manchester City,Second Half,2828.90,Ruben LOFTUS-CHEEK,Chelsea,-15.80,5.38
Chelsea v Manchester City,Second Half,2829.00,Ruben LOFTUS-CHEEK,Chelsea,-15.91,5.03
Chelsea v Manchester City,Second Half,2829.10,Ruben LOFTUS-CHEEK,Chelsea,-16.01,4.69
Chelsea v Manchester City,Second Half,2829.20,Ruben LOFTUS-CHEEK,Chelsea,-16.12,4.34
Chelsea v Manchester City,Second Half,2829.30,Ruben LOFTUS-CHEEK,Chelsea,-16.22,3.99
Chelsea v Manchester City,Second Half,2829.40,Ruben LOFTUS-CHEEK,Chelsea,-16.31,3.63
Chelsea v Manchester City,Second Half,2829.50,Ruben LOFTUS-CHEEK,Chelsea,-16.41,3.27
Chelsea v Manchester City,Second Half,2829.60,Ruben LOFTUS-CHEEK,Chelsea,-16.51,2.91
Chelsea v Manchester City,Second Half,2829.70,Ruben LOFTUS-CHEEK,Chelsea,-16.61,2.56
Chelsea v Manchester City,Second Half,2829.80,Ruben LOFTUS-CHEEK,Chelsea,-16.71,2.21
Chelsea v Manchester City,Second Half,2829.90,Ruben LOFTUS-CHEEK,Chelsea,-16.80,1.88
Chelsea v Manchester City,Second Half,2830.00,Ruben LOFTUS-CHEEK,Chelsea,-16.88,1.57
Chelsea v Manchester City,Second Half,2830.10,Ruben LOFTUS-CHEEK,Chelsea,-16.96,1.28
Chelsea v Manchester City,Second Half,2830.20,Ruben LOFTUS-CHEEK,Chelsea,-17.02,1.01
Chelsea v Manchester City,Second Half,2830.30,Ruben LOFTUS-CHEEK,Chelsea,-17.09,0.76
Chelsea v Manchester City,Second Half,2830.40,Ruben LOFTUS-CHEEK,Chelsea,-17.14,0.52
Chelsea v Manchester City,Second Half,2830.50,Ruben LOFTUS-CHEEK,Chelsea,-17.19,0.31
Chelsea v Manchester City,Second Half,2830.60,Ruben LOFTUS-CHEEK,Chelsea,-17.24,0.13
Chelsea v Manchester City,Second Half,2830.70,Ruben LOFTUS-CHEEK,Chelsea,-17.28,-0.05
Chelsea v Manchester City,Second Half,2830.80,Ruben LOFTUS-CHEEK,Chelsea,-17.32,-0.20
Chelsea v Manchester City,Second Half,2830.90,Ruben LOFTUS-CHEEK,Chelsea,-17.35,-0.34
Chelsea v Manchester City,Second Half,2831.00,Ruben LOFTUS-CHEEK,Chelsea,-17.38,-0.45
Chelsea v Manchester City,Second Half,2831.10,Ruben LOFTUS-CHEEK,Chelsea,-17.41,-0.56
Chelsea v Manchester City,Second Half,2831.20,Ruben LOFTUS-CHEEK,Chelsea,-17.43,-0.67
Chelsea v Manchester City,Second Half,2831.30,Ruben LOFTUS-CHEEK,Chelsea,-17.45,-0.78
Chelsea v Manchester City,Second Half,2831.40,Ruben LOFTUS-CHEEK,Chelsea,-17.47,-0.90
Chelsea v Manchester City,Second Half,2831.50,Ruben LOFTUS-CHEEK,Chelsea,-17.49,-1.01
Chelsea v Manchester City,Second Half,2831.60,Ruben LOFTUS-CHEEK,Chelsea,-17.52,-1.14
Chelsea v Manchester City,Second Half,2831.70,Ruben LOFTUS-CHEEK,Chelsea,-17.55,-1.26
Chelsea v Manchester City,Second Half,2831.80,Ruben LOFTUS-CHEEK,Chelsea,-17.58,-1.39
Chelsea v Manchester City,Second Half,2831.90,Ruben LOFTUS-CHEEK,Chelsea,-17.60,-1.50
Chelsea v Manchester City,Second Half,2832.00,Ruben LOFTUS-CHEEK,Chelsea,-17.62,-1.61
Chelsea v Manchester City,Second Half,2832.10,Ruben LOFTUS-CHEEK,Chelsea,-17.64,-1.71
Chelsea v Manchester City,Second Half,2832.20,Ruben LOFTUS-CHEEK,Chelsea,-17.65,-1.79
Chelsea v Manchester City,Second Half,2832.30,Ruben LOFTUS-CHEEK,Chelsea,-17.67,-1.86
Chelsea v Manchester City,Second Half,2832.40,Ruben LOFTUS-CHEEK,Chelsea,-17.70,-1.94
Chelsea v Manchester City,Second Half,2832.50,Ruben LOFTUS-CHEEK,Chelsea,-17.73,-2.03
Chelsea v Manchester City,Second Half,2832.60,Ruben LOFTUS-CHEEK,Chelsea,-17.76,-2.11
Chelsea v Manchester City,Second Half,2832.70,Ruben LOFTUS-CHEEK,Chelsea,-17.80,-2.20
Chelsea v Manchester City,Second Half,2832.80,Ruben LOFTUS-CHEEK,Chelsea,-17.85,-2.30
Chelsea v Manchester City,Second Half,2832.90,Ruben LOFTUS-CHEEK,Chelsea,-17.89,-2.41
Chelsea v Manchester City,Second Half,2833.00,Ruben LOFTUS-CHEEK,Chelsea,-17.94,-2.50
Chelsea v Manchester City,Second Half,2833.10,Ruben LOFTUS-CHEEK,Chelsea,-17.99,-2.60
Chelsea v Manchester City,Second Half,2833.20,Ruben LOFTUS-CHEEK,Chelsea,-18.03,-2.70
Chelsea v Manchester City,Second Half,2833.30,Ruben LOFTUS-CHEEK,Chelsea,-18.08,-2.80
Chelsea v Manchester City,Second Half,2833.40,Ruben LOFTUS-CHEEK,Chelsea,-18.13,-2.91
Chelsea v Manchester City,Second Half,2833.50,Ruben LOFTUS-CHEEK,Chelsea,-18.18,-3.02
Chelsea v Manchester City,Second Half,2833.60,Ruben LOFTUS-CHEEK,Chelsea,-18.22,-3.13
Chelsea v Manchester City,Second Half,2833.70,Ruben LOFTUS-CHEEK,Chelsea,-18.26,-3.24
Chelsea v Manchester City,Second Half,2833.80,Ruben LOFTUS-CHEEK,Chelsea,-18.29,-3.35
Chelsea v Manchester City,Second Half,2833.90,Ruben LOFTUS-CHEEK,Chelsea,-18.32,-3.46
Chelsea v Manchester City,Second Half,2834.00,Ruben LOFTUS-CHEEK,Chelsea,-18.34,-3.55
Chelsea v Manchester City,Second Half,2834.10,Ruben LOFTUS-CHEEK,Chelsea,-18.37,-3.65
Chelsea v Manchester City,Second Half,2834.20,Ruben LOFTUS-CHEEK,Chelsea,-18.39,-3.74
Chelsea v Manchester City,Second Half,2834.30,Ruben LOFTUS-CHEEK,Chelsea,-18.40,-3.82
Chelsea v Manchester City,Second Half,2834.40,Ruben LOFTUS-CHEEK,Chelsea,-18.40,-3.90
Chelsea v Manchester City,Second Half,2834.50,Ruben LOFTUS-CHEEK,Chelsea,-18.39,-3.98
Chelsea v Manchester City,Second Half,2834.60,Ruben LOFTUS-CHEEK,Chelsea,-18.36,-4.05
Chelsea v Manchester City,Second Half,2834.70,Ruben LOFTUS-CHEEK,Chelsea,-18.32,-4.12
Chelsea v Manchester City,Second Half,2834.80,Ruben LOFTUS-CHEEK,Chelsea,-18.28,-4.17
Chelsea v Manchester City,Second Half,2834.90,Ruben LOFTUS-CHEEK,Chelsea,-18.23,-4.22
Chelsea v Manchester City,Second Half,2835.00,Ruben LOFTUS-CHEEK,Chelsea,-18.19,-4.26
Chelsea v Manchester City,Second Half,2835.10,Ruben LOFTUS-CHEEK,Chelsea,-18.14,-4.31
Chelsea v Manchester City,Second Half,2835.20,Ruben LOFTUS-CHEEK,Chelsea,-18.09,-4.37
Chelsea v Manchester City,Second Half,2835.30,Ruben LOFTUS-CHEEK,Chelsea,-18.03,-4.44
Chelsea v Manchester City,Second Half,2835.40,Ruben LOFTUS-CHEEK,Chelsea,-17.97,-4.52
Chelsea v Manchester City,Second Half,2835.50,Ruben LOFTUS-CHEEK,Chelsea,-17.91,-4.61
Chelsea v Manchester City,Second Half,2835.60,Ruben LOFTUS-CHEEK,Chelsea,-17.85,-4.70
Chelsea v Manchester City,Second Half,2835.70,Ruben LOFTUS-CHEEK,Chelsea,-17.80,-4.79
Chelsea v Manchester City,Second Half,2835.80,Ruben LOFTUS-CHEEK,Chelsea,-17.75,-4.88
Chelsea v Manchester City,Second Half,2835.90,Ruben LOFTUS-CHEEK,Chelsea,-17.70,-4.96
Chelsea v Manchester City,Second Half,2836.00,Ruben LOFTUS-CHEEK,Chelsea,-17.64,-5.04
Chelsea v Manchester City,Second Half,2836.10,Ruben LOFTUS-CHEEK,Chelsea,-17.59,-5.12
Chelsea v Manchester City,Second Half,2836.20,Ruben LOFTUS-CHEEK,Chelsea,-17.53,-5.19
Chelsea v Manchester City,Second Half,2836.30,Ruben LOFTUS-CHEEK,Chelsea,-17.45,-5.25
Chelsea v Manchester City,Second Half,2836.40,Ruben LOFTUS-CHEEK,Chelsea,-17.36,-5.31
Chelsea v Manchester City,Second Half,2836.50,Ruben LOFTUS-CHEEK,Chelsea,-17.28,-5.36
Chelsea v Manchester City,Second Half,2836.60,Ruben LOFTUS-CHEEK,Chelsea,-17.18,-5.41
Chelsea v Manchester City,Second Half,2836.70,Ruben LOFTUS-CHEEK,Chelsea,-17.07,-5.45
Chelsea v Manchester City,Second Half,2836.80,Ruben LOFTUS-CHEEK,Chelsea,-16.96,-5.49
Chelsea v Manchester City,Second Half,2836.90,Ruben LOFTUS-CHEEK,Chelsea,-16.85,-5.53
Chelsea v Manchester City,Second Half,2837.00,Ruben LOFTUS-CHEEK,Chelsea,-16.74,-5.56
Chelsea v Manchester City,Second Half,2837.10,Ruben LOFTUS-CHEEK,Chelsea,-16.64,-5.59
Chelsea v Manchester City,Second Half,2837.20,Ruben LOFTUS-CHEEK,Chelsea,-16.54,-5.61
Chelsea v Manchester City,Second Half,2837.30,Ruben LOFTUS-CHEEK,Chelsea,-16.46,-5.63
Chelsea v Manchester City,Second Half,2837.40,Ruben LOFTUS-CHEEK,Chelsea,-16.38,-5.65
Chelsea v Manchester City,Second Half,2837.50,Ruben LOFTUS-CHEEK,Chelsea,-16.31,-5.65
Chelsea v Manchester City,Second Half,2837.60,Ruben LOFTUS-CHEEK,Chelsea,-16.24,-5.65
Chelsea v Manchester City,Second Half,2837.70,Ruben LOFTUS-CHEEK,Chelsea,-16.18,-5.64
Chelsea v Manchester City,Second Half,2837.80,Ruben LOFTUS-CHEEK,Chelsea,-16.12,-5.63
Chelsea v Manchester City,Second Half,2837.90,Ruben LOFTUS-CHEEK,Chelsea,-16.05,-5.61
Chelsea v Manchester City,Second Half,2838.00,Ruben LOFTUS-CHEEK,Chelsea,-15.99,-5.58
Chelsea v Manchester City,Second Half,2838.10,Ruben LOFTUS-CHEEK,Chelsea,-15.93,-5.56
Chelsea v Manchester City,Second Half,2838.20,Ruben LOFTUS-CHEEK,Chelsea,-15.87,-5.53
Chelsea v Manchester City,Second Half,2838.30,Ruben LOFTUS-CHEEK,Chelsea,-15.81,-5.50
Chelsea v Manchester City,Second Half,2838.40,Ruben LOFTUS-CHEEK,Chelsea,-15.75,-5.48
Chelsea v Manchester City,Second Half,2838.50,Ruben LOFTUS-CHEEK,Chelsea,-15.70,-5.46
Chelsea v Manchester City,Second Half,2838.60,Ruben LOFTUS-CHEEK,Chelsea,-15.63,-5.45
Chelsea v Manchester City,Second Half,2838.70,Ruben LOFTUS-CHEEK,Chelsea,-15.57,-5.43
Chelsea v Manchester City,Second Half,2838.80,Ruben LOFTUS-CHEEK,Chelsea,-15.51,-5.41
Chelsea v Manchester City,Second Half,2838.90,Ruben LOFTUS-CHEEK,Chelsea,-15.44,-5.38
Chelsea v Manchester City,Second Half,2839.00,Ruben LOFTUS-CHEEK,Chelsea,-15.37,-5.35
Chelsea v Manchester City,Second Half,2839.10,Ruben LOFTUS-CHEEK,Chelsea,-15.30,-5.30
Chelsea v Manchester City,Second Half,2839.20,Ruben LOFTUS-CHEEK,Chelsea,-15.24,-5.24
Chelsea v Manchester City,Second Half,2839.30,Ruben LOFTUS-CHEEK,Chelsea,-15.16,-5.19
Chelsea v Manchester City,Second Half,2839.40,Ruben LOFTUS-CHEEK,Chelsea,-15.06,-5.13
Chelsea v Manchester City,Second Half,2839.50,Ruben LOFTUS-CHEEK,Chelsea,-14.96,-5.07
Chelsea v Manchester City,Second Half,2839.60,Ruben LOFTUS-CHEEK,Chelsea,-14.84,-5.02
Chelsea v Manchester City,Second Half,2839.70,Ruben LOFTUS-CHEEK,Chelsea,-14.69,-4.97
Chelsea v Manchester City,Second Half,2839.80,Ruben LOFTUS-CHEEK,Chelsea,-14.50,-4.91
Chelsea v Manchester City,Second Half,2839.90,Ruben LOFTUS-CHEEK,Chelsea,-14.30,-4.84
Chelsea v Manchester City,Second Half,2840.00,Ruben LOFTUS-CHEEK,Chelsea,-14.06,-4.76
Chelsea v Manchester City,Second Half,2840.10,Ruben LOFTUS-CHEEK,Chelsea,-13.81,-4.67
Chelsea v Manchester City,Second Half,2840.20,Ruben LOFTUS-CHEEK,Chelsea,-13.52,-4.58
Chelsea v Manchester City,Second Half,2840.30,Ruben LOFTUS-CHEEK,Chelsea,-13.22,-4.48
Chelsea v Manchester City,Second Half,2840.40,Ruben LOFTUS-CHEEK,Chelsea,-12.91,-4.38
Chelsea v Manchester City,Second Half,2840.50,Ruben LOFTUS-CHEEK,Chelsea,-12.60,-4.28
Chelsea v Manchester City,Second Half,2840.60,Ruben LOFTUS-CHEEK,Chelsea,-12.31,-4.18
Chelsea v Manchester City,Second Half,2840.70,Ruben LOFTUS-CHEEK,Chelsea,-12.01,-4.08
Chelsea v Manchester City,Second Half,2840.80,Ruben LOFTUS-CHEEK,Chelsea,-11.74,-3.98
Chelsea v Manchester City,Second Half,2840.90,Ruben LOFTUS-CHEEK,Chelsea,-11.51,-3.89
Chelsea v Manchester City,Second Half,2841.00,Ruben LOFTUS-CHEEK,Chelsea,-11.31,-3.82
Chelsea v Manchester City,Second Half,2841.10,Ruben LOFTUS-CHEEK,Chelsea,-11.13,-3.75
Chelsea v Manchester City,Second Half,2841.20,Ruben LOFTUS-CHEEK,Chelsea,-10.97,-3.69
Chelsea v Manchester City,Second Half,2841.30,Ruben LOFTUS-CHEEK,Chelsea,-10.85,-3.65
Chelsea v Manchester City,Second Half,2841.40,Ruben LOFTUS-CHEEK,Chelsea,-10.76,-3.62
Chelsea v Manchester City,Second Half,2841.50,Ruben LOFTUS-CHEEK,Chelsea,-10.67,-3.59
Chelsea v Manchester City,Second Half,2841.60,Ruben LOFTUS-CHEEK,Chelsea,-10.60,-3.57
Chelsea v Manchester City,Second Half,2841.70,Ruben LOFTUS-CHEEK,Chelsea,-10.54,-3.56
Chelsea v Manchester City,Second Half,2841.80,Ruben LOFTUS-CHEEK,Chelsea,-10.53,-3.52
Chelsea v Manchester City,Second Half,2841.90,Ruben LOFTUS-CHEEK,Chelsea,-10.56,-3.46
Chelsea v Manchester City,Second Half,2842.00,Ruben LOFTUS-CHEEK,Chelsea,-10.62,-3.39
Chelsea v Manchester City,Second Half,2842.10,Ruben LOFTUS-CHEEK,Chelsea,-10.70,-3.32
Chelsea v Manchester City,Second Half,2842.20,Ruben LOFTUS-CHEEK,Chelsea,-10.81,-3.23
Chelsea v Manchester City,Second Half,2842.30,Ruben LOFTUS-CHEEK,Chelsea,-10.95,-3.13
Chelsea v Manchester City,Second Half,2842.40,Ruben LOFTUS-CHEEK,Chelsea,-11.07,-3.05
Chelsea v Manchester City,Second Half,2842.50,Ruben LOFTUS-CHEEK,Chelsea,-11.17,-2.97
Chelsea v Manchester City,Second Half,2842.60,Ruben LOFTUS-CHEEK,Chelsea,-11.27,-2.91
Chelsea v Manchester City,Second Half,2842.70,Ruben LOFTUS-CHEEK,Chelsea,-11.38,-2.84
Chelsea v Manchester City,Second Half,2842.80,Ruben LOFTUS-CHEEK,Chelsea,-11.49,-2.76
Chelsea v Manchester City,Second Half,2842.90,Ruben LOFTUS-CHEEK,Chelsea,-11.58,-2.70
Chelsea v Manchester City,Second Half,2843.00,Ruben LOFTUS-CHEEK,Chelsea,-11.67,-2.63
Chelsea v Manchester City,Second Half,2843.10,Ruben LOFTUS-CHEEK,Chelsea,-11.77,-2.57
Chelsea v Manchester City,Second Half,2843.20,Ruben LOFTUS-CHEEK,Chelsea,-11.87,-2.50
Chelsea v Manchester City,Second Half,2843.30,Ruben LOFTUS-CHEEK,Chelsea,-11.97,-2.43
Chelsea v Manchester City,Second Half,2843.40,Ruben LOFTUS-CHEEK,Chelsea,-12.07,-2.37
Chelsea v Manchester City,Second Half,2843.50,Ruben LOFTUS-CHEEK,Chelsea,-12.19,-2.29
Chelsea v Manchester City,Second Half,2843.60,Ruben LOFTUS-CHEEK,Chelsea,-12.31,-2.22
Chelsea v Manchester City,Second Half,2843.70,Ruben LOFTUS-CHEEK,Chelsea,-12.42,-2.16
Chelsea v Manchester City,Second Half,2843.80,Ruben LOFTUS-CHEEK,Chelsea,-12.53,-2.08
Chelsea v Manchester City,Second Half,2843.90,Ruben LOFTUS-CHEEK,Chelsea,-12.66,-2.01
Chelsea v Manchester City,Second Half,2844.00,Ruben LOFTUS-CHEEK,Chelsea,-12.78,-1.94
Chelsea v Manchester City,Second Half,2844.10,Ruben LOFTUS-CHEEK,Chelsea,-12.91,-1.88
Chelsea v Manchester City,Second Half,2844.20,Ruben LOFTUS-CHEEK,Chelsea,-13.05,-1.82
Chelsea v Manchester City,Second Half,2844.30,Ruben LOFTUS-CHEEK,Chelsea,-13.19,-1.76
Chelsea v Manchester City,Second Half,2844.40,Ruben LOFTUS-CHEEK,Chelsea,-13.35,-1.70
Chelsea v Manchester City,Second Half,2844.50,Ruben LOFTUS-CHEEK,Chelsea,-13.51,-1.65
Chelsea v Manchester City,Second Half,2844.60,Ruben LOFTUS-CHEEK,Chelsea,-13.67,-1.59
Chelsea v Manchester City,Second Half,2844.70,Ruben LOFTUS-CHEEK,Chelsea,-13.83,-1.53
Chelsea v Manchester City,Second Half,2844.80,Ruben LOFTUS-CHEEK,Chelsea,-14.00,-1.48
Chelsea v Manchester City,Second Half,2844.90,Ruben LOFTUS-CHEEK,Chelsea,-14.14,-1.41
Chelsea v Manchester City,Second Half,2845.00,Ruben LOFTUS-CHEEK,Chelsea,-14.28,-1.36
Chelsea v Manchester City,Second Half,2845.10,Ruben LOFTUS-CHEEK,Chelsea,-14.41,-1.30
Chelsea v Manchester City,Second Half,2845.20,Ruben LOFTUS-CHEEK,Chelsea,-14.53,-1.24
Chelsea v Manchester City,Second Half,2845.30,Ruben LOFTUS-CHEEK,Chelsea,-14.64,-1.19
Chelsea v Manchester City,Second Half,2845.40,Ruben LOFTUS-CHEEK,Chelsea,-14.74,-1.14
Chelsea v Manchester City,Second Half,2845.50,Ruben LOFTUS-CHEEK,Chelsea,-14.84,-1.08
Chelsea v Manchester City,Second Half,2845.60,Ruben LOFTUS-CHEEK,Chelsea,-14.93,-1.02
Chelsea v Manchester City,Second Half,2845.70,Ruben LOFTUS-CHEEK,Chelsea,-15.02,-0.97
Chelsea v Manchester City,Second Half,2845.80,Ruben LOFTUS-CHEEK,Chelsea,-15.09,-0.92
Chelsea v Manchester City,Second Half,2845.90,Ruben LOFTUS-CHEEK,Chelsea,-15.17,-0.87
Chelsea v Manchester City,Second Half,2846.00,Ruben LOFTUS-CHEEK,Chelsea,-15.23,-0.81
Chelsea v Manchester City,Second Half,2846.10,Ruben LOFTUS-CHEEK,Chelsea,-15.29,-0.77
Chelsea v Manchester City,Second Half,2846.20,Ruben LOFTUS-CHEEK,Chelsea,-15.34,-0.73
Chelsea v Manchester City,Second Half,2846.30,Ruben LOFTUS-CHEEK,Chelsea,-15.39,-0.69
Chelsea v Manchester City,Second Half,2846.40,Ruben LOFTUS-CHEEK,Chelsea,-15.46,-0.65
Chelsea v Manchester City,Second Half,2846.50,Ruben LOFTUS-CHEEK,Chelsea,-15.53,-0.62
Chelsea v Manchester City,Second Half,2846.60,Ruben LOFTUS-CHEEK,Chelsea,-15.61,-0.60
Chelsea v Manchester City,Second Half,2846.70,Ruben LOFTUS-CHEEK,Chelsea,-15.70,-0.58
Chelsea v Manchester City,Second Half,2846.80,Ruben LOFTUS-CHEEK,Chelsea,-15.81,-0.59
Chelsea v Manchester City,Second Half,2846.90,Ruben LOFTUS-CHEEK,Chelsea,-15.92,-0.59
Chelsea v Manchester City,Second Half,2847.00,Ruben LOFTUS-CHEEK,Chelsea,-16.03,-0.62
Chelsea v Manchester City,Second Half,2847.10,Ruben LOFTUS-CHEEK,Chelsea,-16.14,-0.65
Chelsea v Manchester City,Second Half,2847.20,Ruben LOFTUS-CHEEK,Chelsea,-16.25,-0.69
Chelsea v Manchester City,Second Half,2847.30,Ruben LOFTUS-CHEEK,Chelsea,-16.36,-0.74
Chelsea v Manchester City,Second Half,2847.40,Ruben LOFTUS-CHEEK,Chelsea,-16.45,-0.78
Chelsea v Manchester City,Second Half,2847.50,Ruben LOFTUS-CHEEK,Chelsea,-16.55,-0.83
Chelsea v Manchester City,Second Half,2847.60,Ruben LOFTUS-CHEEK,Chelsea,-16.63,-0.88
Chelsea v Manchester City,Second Half,2847.70,Ruben LOFTUS-CHEEK,Chelsea,-16.72,-0.93
Chelsea v Manchester City,Second Half,2847.80,Ruben LOFTUS-CHEEK,Chelsea,-16.81,-0.98
Chelsea v Manchester City,Second Half,2847.90,Ruben LOFTUS-CHEEK,Chelsea,-16.91,-1.03
Chelsea v Manchester City,Second Half,2848.00,Ruben LOFTUS-CHEEK,Chelsea,-17.00,-1.08
Chelsea v Manchester City,Second Half,2848.10,Ruben LOFTUS-CHEEK,Chelsea,-17.10,-1.13
Chelsea v Manchester City,Second Half,2848.20,Ruben LOFTUS-CHEEK,Chelsea,-17.19,-1.19
Chelsea v Manchester City,Second Half,2848.30,Ruben LOFTUS-CHEEK,Chelsea,-17.28,-1.25
Chelsea v Manchester City,Second Half,2848.40,Ruben LOFTUS-CHEEK,Chelsea,-17.37,-1.32
Chelsea v Manchester City,Second Half,2848.50,Ruben LOFTUS-CHEEK,Chelsea,-17.45,-1.38
Chelsea v Manchester City,Second Half,2848.60,Ruben LOFTUS-CHEEK,Chelsea,-17.53,-1.45
Chelsea v Manchester City,Second Half,2848.70,Ruben LOFTUS-CHEEK,Chelsea,-17.59,-1.52
Chelsea v Manchester City,Second Half,2848.80,Ruben LOFTUS-CHEEK,Chelsea,-17.67,-1.57
Chelsea v Manchester City,Second Half,2848.90,Ruben LOFTUS-CHEEK,Chelsea,-17.73,-1.63
Chelsea v Manchester City,Second Half,2849.00,Ruben LOFTUS-CHEEK,Chelsea,-17.79,-1.68
Chelsea v Manchester City,Second Half,2849.10,Ruben LOFTUS-CHEEK,Chelsea,-17.85,-1.72
Chelsea v Manchester City,Second Half,2849.20,Ruben LOFTUS-CHEEK,Chelsea,-17.90,-1.76
Chelsea v Manchester City,Second Half,2849.30,Ruben LOFTUS-CHEEK,Chelsea,-17.97,-1.79
Chelsea v Manchester City,Second Half,2849.40,Ruben LOFTUS-CHEEK,Chelsea,-18.02,-1.82
Chelsea v Manchester City,Second Half,2849.50,Ruben LOFTUS-CHEEK,Chelsea,-18.08,-1.83
Chelsea v Manchester City,Second Half,2849.60,Ruben LOFTUS-CHEEK,Chelsea,-18.15,-1.86
Chelsea v Manchester City,Second Half,2849.70,Ruben LOFTUS-CHEEK,Chelsea,-18.22,-1.89
Chelsea v Manchester City,Second Half,2849.80,Ruben LOFTUS-CHEEK,Chelsea,-18.29,-1.92
Chelsea v Manchester City,Second Half,2849.90,Ruben LOFTUS-CHEEK,Chelsea,-18.36,-1.95
Chelsea v Manchester City,Second Half,2850.00,Ruben LOFTUS-CHEEK,Chelsea,-18.44,-1.98
Chelsea v Manchester City,Second Half,2850.10,Ruben LOFTUS-CHEEK,Chelsea,-18.51,-2.01
Chelsea v Manchester City,Second Half,2850.20,Ruben LOFTUS-CHEEK,Chelsea,-18.57,-2.03
Chelsea v Manchester City,Second Half,2850.30,Ruben LOFTUS-CHEEK,Chelsea,-18.64,-2.05
Chelsea v Manchester City,Second Half,2850.40,Ruben LOFTUS-CHEEK,Chelsea,-18.70,-2.07
Chelsea v Manchester City,Second Half,2850.50,Ruben LOFTUS-CHEEK,Chelsea,-18.77,-2.10
Chelsea v Manchester City,Second Half,2850.60,Ruben LOFTUS-CHEEK,Chelsea,-18.84,-2.13
Chelsea v Manchester City,Second Half,2850.70,Ruben LOFTUS-CHEEK,Chelsea,-18.91,-2.16
Chelsea v Manchester City,Second Half,2850.80,Ruben LOFTUS-CHEEK,Chelsea,-18.98,-2.20
Chelsea v Manchester City,Second Half,2850.90,Ruben LOFTUS-CHEEK,Chelsea,-19.05,-2.28
Chelsea v Manchester City,Second Half,2851.00,Ruben LOFTUS-CHEEK,Chelsea,-19.16,-2.42
Chelsea v Manchester City,Second Half,2851.10,Ruben LOFTUS-CHEEK,Chelsea,-19.28,-2.60
Chelsea v Manchester City,Second Half,2851.20,Ruben LOFTUS-CHEEK,Chelsea,-19.41,-2.84
Chelsea v Manchester City,Second Half,2851.30,Ruben LOFTUS-CHEEK,Chelsea,-19.55,-3.16
Chelsea v Manchester City,Second Half,2851.40,Ruben LOFTUS-CHEEK,Chelsea,-19.72,-3.54
Chelsea v Manchester City,Second Half,2851.50,Ruben LOFTUS-CHEEK,Chelsea,-19.88,-3.89
Chelsea v Manchester City,Second Half,2851.60,Ruben LOFTUS-CHEEK,Chelsea,-20.01,-4.19
Chelsea v Manchester City,Second Half,2851.70,Ruben LOFTUS-CHEEK,Chelsea,-20.12,-4.46
Chelsea v Manchester City,Second Half,2851.80,Ruben LOFTUS-CHEEK,Chelsea,-20.22,-4.67
Chelsea v Manchester City,Second Half,2851.90,Ruben LOFTUS-CHEEK,Chelsea,-20.29,-4.80
Chelsea v Manchester City,Second Half,2852.00,Ruben LOFTUS-CHEEK,Chelsea,-20.32,-4.86
Chelsea v Manchester City,Second Half,2852.10,Ruben LOFTUS-CHEEK,Chelsea,-20.34,-4.90
Chelsea v Manchester City,Second Half,2852.20,Ruben LOFTUS-CHEEK,Chelsea,-20.36,-4.91
Chelsea v Manchester City,Second Half,2852.30,Ruben LOFTUS-CHEEK,Chelsea,-20.38,-4.89
Chelsea v Manchester City,Second Half,2852.40,Ruben LOFTUS-CHEEK,Chelsea,-20.35,-4.84
Chelsea v Manchester City,Second Half,2852.50,Ruben LOFTUS-CHEEK,Chelsea,-20.30,-4.75
Chelsea v Manchester City,Second Half,2852.60,Ruben LOFTUS-CHEEK,Chelsea,-20.23,-4.64
Chelsea v Manchester City,Second Half,2852.70,Ruben LOFTUS-CHEEK,Chelsea,-20.12,-4.48
Chelsea v Manchester City,Second Half,2852.80,Ruben LOFTUS-CHEEK,Chelsea,-19.98,-4.30
Chelsea v Manchester City,Second Half,2852.90,Ruben LOFTUS-CHEEK,Chelsea,-19.80,-4.08
Chelsea v Manchester City,Second Half,2853.00,Ruben LOFTUS-CHEEK,Chelsea,-19.61,-3.85
Chelsea v Manchester City,Second Half,2853.10,Ruben LOFTUS-CHEEK,Chelsea,-19.40,-3.60
Chelsea v Manchester City,Second Half,2853.20,Ruben LOFTUS-CHEEK,Chelsea,-19.19,-3.33
Chelsea v Manchester City,Second Half,2853.30,Ruben LOFTUS-CHEEK,Chelsea,-18.97,-3.05
Chelsea v Manchester City,Second Half,2853.40,Ruben LOFTUS-CHEEK,Chelsea,-18.74,-2.76
Chelsea v Manchester City,Second Half,2853.50,Ruben LOFTUS-CHEEK,Chelsea,-18.51,-2.44
Chelsea v Manchester City,Second Half,2853.60,Ruben LOFTUS-CHEEK,Chelsea,-18.27,-2.13
Chelsea v Manchester City,Second Half,2853.70,Ruben LOFTUS-CHEEK,Chelsea,-18.04,-1.80
Chelsea v Manchester City,Second Half,2853.80,Ruben LOFTUS-CHEEK,Chelsea,-17.80,-1.47
Chelsea v Manchester City,Second Half,2853.90,Ruben LOFTUS-CHEEK,Chelsea,-17.57,-1.13
Chelsea v Manchester City,Second Half,2854.00,Ruben LOFTUS-CHEEK,Chelsea,-17.34,-0.79
Chelsea v Manchester City,Second Half,2854.10,Ruben LOFTUS-CHEEK,Chelsea,-17.10,-0.45
Chelsea v Manchester City,Second Half,2854.20,Ruben LOFTUS-CHEEK,Chelsea,-16.88,-0.09
Chelsea v Manchester City,Second Half,2854.30,Ruben LOFTUS-CHEEK,Chelsea,-16.66,0.26
Chelsea v Manchester City,Second Half,2854.40,Ruben LOFTUS-CHEEK,Chelsea,-16.46,0.63
Chelsea v Manchester City,Second Half,2854.50,Ruben LOFTUS-CHEEK,Chelsea,-16.27,1.00
Chelsea v Manchester City,Second Half,2854.60,Ruben LOFTUS-CHEEK,Chelsea,-16.09,1.38
Chelsea v Manchester City,Second Half,2854.70,Ruben LOFTUS-CHEEK,Chelsea,-15.92,1.75
Chelsea v Manchester City,Second Half,2854.80,Ruben LOFTUS-CHEEK,Chelsea,-15.76,2.13
Chelsea v Manchester City,Second Half,2854.90,Ruben LOFTUS-CHEEK,Chelsea,-15.61,2.51
Chelsea v Manchester City,Second Half,2855.00,Ruben LOFTUS-CHEEK,Chelsea,-15.47,2.89
Chelsea v Manchester City,Second Half,2855.10,Ruben LOFTUS-CHEEK,Chelsea,-15.32,3.27
Chelsea v Manchester City,Second Half,2855.20,Ruben LOFTUS-CHEEK,Chelsea,-15.18,3.64
Chelsea v Manchester City,Second Half,2855.30,Ruben LOFTUS-CHEEK,Chelsea,-15.05,4.02
Chelsea v Manchester City,Second Half,2855.40,Ruben LOFTUS-CHEEK,Chelsea,-14.92,4.39
Chelsea v Manchester City,Second Half,2855.50,Ruben LOFTUS-CHEEK,Chelsea,-14.79,4.76
Chelsea v Manchester City,Second Half,2855.60,Ruben LOFTUS-CHEEK,Chelsea,-14.66,5.13
Chelsea v Manchester City,Second Half,2855.70,Ruben LOFTUS-CHEEK,Chelsea,-14.54,5.49
Chelsea v Manchester City,Second Half,2855.80,Ruben LOFTUS-CHEEK,Chelsea,-14.41,5.85
Chelsea v Manchester City,Second Half,2855.90,Ruben LOFTUS-CHEEK,Chelsea,-14.29,6.21
Chelsea v Manchester City,Second Half,2856.00,Ruben LOFTUS-CHEEK,Chelsea,-14.16,6.59
Chelsea v Manchester City,Second Half,2856.10,Ruben LOFTUS-CHEEK,Chelsea,-14.02,7.00
Chelsea v Manchester City,Second Half,2856.20,Ruben LOFTUS-CHEEK,Chelsea,-13.89,7.42
Chelsea v Manchester City,Second Half,2856.30,Ruben LOFTUS-CHEEK,Chelsea,-13.75,7.87
Chelsea v Manchester City,Second Half,2856.40,Ruben LOFTUS-CHEEK,Chelsea,-13.60,8.34
Chelsea v Manchester City,Second Half,2856.50,Ruben LOFTUS-CHEEK,Chelsea,-13.45,8.85
Chelsea v Manchester City,Second Half,2856.60,Ruben LOFTUS-CHEEK,Chelsea,-13.29,9.36
Chelsea v Manchester City,Second Half,2856.70,Ruben LOFTUS-CHEEK,Chelsea,-13.14,9.86
Chelsea v Manchester City,Second Half,2856.80,Ruben LOFTUS-CHEEK,Chelsea,-12.99,10.35
Chelsea v Manchester City,Second Half,2856.90,Ruben LOFTUS-CHEEK,Chelsea,-12.86,10.82
Chelsea v Manchester City,Second Half,2857.00,Ruben LOFTUS-CHEEK,Chelsea,-12.74,11.27
Chelsea v Manchester City,Second Half,2857.10,Ruben LOFTUS-CHEEK,Chelsea,-12.62,11.69
Chelsea v Manchester City,Second Half,2857.20,Ruben LOFTUS-CHEEK,Chelsea,-12.51,12.08
Chelsea v Manchester City,Second Half,2857.30,Ruben LOFTUS-CHEEK,Chelsea,-12.41,12.46
Chelsea v Manchester City,Second Half,2857.40,Ruben LOFTUS-CHEEK,Chelsea,-12.32,12.83
Chelsea v Manchester City,Second Half,2857.50,Ruben LOFTUS-CHEEK,Chelsea,-12.24,13.18
Chelsea v Manchester City,Second Half,2857.60,Ruben LOFTUS-CHEEK,Chelsea,-12.16,13.53
Chelsea v Manchester City,Second Half,2857.70,Ruben LOFTUS-CHEEK,Chelsea,-12.10,13.87
Chelsea v Manchester City,Second Half,2857.80,Ruben LOFTUS-CHEEK,Chelsea,-12.05,14.20
Chelsea v Manchester City,Second Half,2857.90,Ruben LOFTUS-CHEEK,Chelsea,-12.01,14.52
Chelsea v Manchester City,Second Half,2858.00,Ruben LOFTUS-CHEEK,Chelsea,-11.97,14.84
Chelsea v Manchester City,Second Half,2858.10,Ruben LOFTUS-CHEEK,Chelsea,-11.94,15.15
Chelsea v Manchester City,Second Half,2858.20,Ruben LOFTUS-CHEEK,Chelsea,-11.91,15.46
Chelsea v Manchester City,Second Half,2858.30,Ruben LOFTUS-CHEEK,Chelsea,-11.89,15.76
Chelsea v Manchester City,Second Half,2858.40,Ruben LOFTUS-CHEEK,Chelsea,-11.89,16.04
Chelsea v Manchester City,Second Half,2858.50,Ruben LOFTUS-CHEEK,Chelsea,-11.91,16.30
Chelsea v Manchester City,Second Half,2858.60,Ruben LOFTUS-CHEEK,Chelsea,-11.94,16.55
Chelsea v Manchester City,Second Half,2858.70,Ruben LOFTUS-CHEEK,Chelsea,-11.99,16.76
Chelsea v Manchester City,Second Half,2858.80,Ruben LOFTUS-CHEEK,Chelsea,-12.05,16.96
Chelsea v Manchester City,Second Half,2858.90,Ruben LOFTUS-CHEEK,Chelsea,-12.12,17.15
Chelsea v Manchester City,Second Half,2859.00,Ruben LOFTUS-CHEEK,Chelsea,-12.19,17.33
Chelsea v Manchester City,Second Half,2859.10,Ruben LOFTUS-CHEEK,Chelsea,-12.27,17.50
Chelsea v Manchester City,Second Half,2859.20,Ruben LOFTUS-CHEEK,Chelsea,-12.33,17.70
Chelsea v Manchester City,Second Half,2859.30,Ruben LOFTUS-CHEEK,Chelsea,-12.36,17.95
Chelsea v Manchester City,Second Half,2859.40,Ruben LOFTUS-CHEEK,Chelsea,-12.37,18.23
Chelsea v Manchester City,Second Half,2859.50,Ruben LOFTUS-CHEEK,Chelsea,-12.35,18.56
Chelsea v Manchester City,Second Half,2859.60,Ruben LOFTUS-CHEEK,Chelsea,-12.29,18.95
Chelsea v Manchester City,Second Half,2859.70,Ruben LOFTUS-CHEEK,Chelsea,-12.19,19.40
Chelsea v Manchester City,Second Half,2859.80,Ruben LOFTUS-CHEEK,Chelsea,-12.08,19.87
Chelsea v Manchester City,Second Half,2859.90,Ruben LOFTUS-CHEEK,Chelsea,-11.95,20.36
Chelsea v Manchester City,Second Half,2860.00,Ruben LOFTUS-CHEEK,Chelsea,-11.81,20.87
Chelsea v Manchester City,Second Half,2860.10,Ruben LOFTUS-CHEEK,Chelsea,-11.63,21.38
Chelsea v Manchester City,Second Half,2860.20,Ruben LOFTUS-CHEEK,Chelsea,-11.41,21.88
Chelsea v Manchester City,Second Half,2860.30,Ruben LOFTUS-CHEEK,Chelsea,-11.17,22.37
Chelsea v Manchester City,Second Half,2860.40,Ruben LOFTUS-CHEEK,Chelsea,-10.89,22.84
Chelsea v Manchester City,Second Half,2860.50,Ruben LOFTUS-CHEEK,Chelsea,-10.57,23.29
Chelsea v Manchester City,Second Half,2860.60,Ruben LOFTUS-CHEEK,Chelsea,-10.22,23.72
Chelsea v Manchester City,Second Half,2860.70,Ruben LOFTUS-CHEEK,Chelsea,-9.84,24.15
Chelsea v Manchester City,Second Half,2860.80,Ruben LOFTUS-CHEEK,Chelsea,-9.45,24.56
Chelsea v Manchester City,Second Half,2860.90,Ruben LOFTUS-CHEEK,Chelsea,-9.05,24.97
Chelsea v Manchester City,Second Half,2861.00,Ruben LOFTUS-CHEEK,Chelsea,-8.66,25.37
Chelsea v Manchester City,Second Half,2861.10,Ruben LOFTUS-CHEEK,Chelsea,-8.27,25.78
Chelsea v Manchester City,Second Half,2861.20,Ruben LOFTUS-CHEEK,Chelsea,-7.90,26.19
Chelsea v Manchester City,Second Half,2861.30,Ruben LOFTUS-CHEEK,Chelsea,-7.54,26.61
Chelsea v Manchester City,Second Half,2861.40,Ruben LOFTUS-CHEEK,Chelsea,-7.21,27.02
Chelsea v Manchester City,Second Half,2861.50,Ruben LOFTUS-CHEEK,Chelsea,-6.90,27.43
Chelsea v Manchester City,Second Half,2861.60,Ruben LOFTUS-CHEEK,Chelsea,-6.59,27.86
Chelsea v Manchester City,Second Half,2861.70,Ruben LOFTUS-CHEEK,Chelsea,-6.30,28.28
Chelsea v Manchester City,Second Half,2861.80,Ruben LOFTUS-CHEEK,Chelsea,-6.01,28.70
Chelsea v Manchester City,Second Half,2861.90,Ruben LOFTUS-CHEEK,Chelsea,-5.77,29.08
Chelsea v Manchester City,Second Half,2862.00,Ruben LOFTUS-CHEEK,Chelsea,-5.59,29.42
Chelsea v Manchester City,Second Half,2862.10,Ruben LOFTUS-CHEEK,Chelsea,-5.46,29.72
Chelsea v Manchester City,Second Half,2862.20,Ruben LOFTUS-CHEEK,Chelsea,-5.39,29.96
Chelsea v Manchester City,Second Half,2862.30,Ruben LOFTUS-CHEEK,Chelsea,-5.38,30.14
Chelsea v Manchester City,Second Half,2862.40,Ruben LOFTUS-CHEEK,Chelsea,-5.44,30.27
Chelsea v Manchester City,Second Half,2862.50,Ruben LOFTUS-CHEEK,Chelsea,-5.53,30.36
Chelsea v Manchester City,Second Half,2862.60,Ruben LOFTUS-CHEEK,Chelsea,-5.65,30.44
Chelsea v Manchester City,Second Half,2862.70,Ruben LOFTUS-CHEEK,Chelsea,-5.78,30.50
Chelsea v Manchester City,Second Half,2862.80,Ruben LOFTUS-CHEEK,Chelsea,-5.96,30.51
Chelsea v Manchester City,Second Half,2862.90,Ruben LOFTUS-CHEEK,Chelsea,-6.19,30.50
Chelsea v Manchester City,Second Half,2863.00,Ruben LOFTUS-CHEEK,Chelsea,-6.46,30.46
Chelsea v Manchester City,Second Half,2863.10,Ruben LOFTUS-CHEEK,Chelsea,-6.77,30.37
Chelsea v Manchester City,Second Half,2863.20,Ruben LOFTUS-CHEEK,Chelsea,-7.11,30.26
Chelsea v Manchester City,Second Half,2863.30,Ruben LOFTUS-CHEEK,Chelsea,-7.51,30.10
Chelsea v Manchester City,Second Half,2863.40,Ruben LOFTUS-CHEEK,Chelsea,-7.92,29.94
Chelsea v Manchester City,Second Half,2863.50,Ruben LOFTUS-CHEEK,Chelsea,-8.35,29.75
Chelsea v Manchester City,Second Half,2863.60,Ruben LOFTUS-CHEEK,Chelsea,-8.81,29.55
Chelsea v Manchester City,Second Half,2863.70,Ruben LOFTUS-CHEEK,Chelsea,-9.25,29.35
Chelsea v Manchester City,Second Half,2863.80,Ruben LOFTUS-CHEEK,Chelsea,-9.69,29.16
Chelsea v Manchester City,Second Half,2863.90,Ruben LOFTUS-CHEEK,Chelsea,-10.12,29.00
Chelsea v Manchester City,Second Half,2864.00,Ruben LOFTUS-CHEEK,Chelsea,-10.53,28.84
Chelsea v Manchester City,Second Half,2864.10,Ruben LOFTUS-CHEEK,Chelsea,-10.92,28.70
Chelsea v Manchester City,Second Half,2864.20,Ruben LOFTUS-CHEEK,Chelsea,-11.27,28.58
Chelsea v Manchester City,Second Half,2864.30,Ruben LOFTUS-CHEEK,Chelsea,-11.62,28.47
Chelsea v Manchester City,Second Half,2864.40,Ruben LOFTUS-CHEEK,Chelsea,-11.96,28.37
Chelsea v Manchester City,Second Half,2864.50,Ruben LOFTUS-CHEEK,Chelsea,-12.29,28.27
Chelsea v Manchester City,Second Half,2864.60,Ruben LOFTUS-CHEEK,Chelsea,-12.60,28.19
Chelsea v Manchester City,Second Half,2864.70,Ruben LOFTUS-CHEEK,Chelsea,-12.88,28.13
Chelsea v Manchester City,Second Half,2864.80,Ruben LOFTUS-CHEEK,Chelsea,-13.13,28.10
Chelsea v Manchester City,Second Half,2864.90,Ruben LOFTUS-CHEEK,Chelsea,-13.36,28.08
Chelsea v Manchester City,Second Half,2865.00,Ruben LOFTUS-CHEEK,Chelsea,-13.56,28.08
Chelsea v Manchester City,Second Half,2865.10,Ruben LOFTUS-CHEEK,Chelsea,-13.73,28.11
Chelsea v Manchester City,Second Half,2865.20,Ruben LOFTUS-CHEEK,Chelsea,-13.89,28.15
Chelsea v Manchester City,Second Half,2865.30,Ruben LOFTUS-CHEEK,Chelsea,-14.03,28.18
Chelsea v Manchester City,Second Half,2865.40,Ruben LOFTUS-CHEEK,Chelsea,-14.17,28.23
Chelsea v Manchester City,Second Half,2865.50,Ruben LOFTUS-CHEEK,Chelsea,-14.29,28.28
Chelsea v Manchester City,Second Half,2865.60,Ruben LOFTUS-CHEEK,Chelsea,-14.40,28.32
Chelsea v Manchester City,Second Half,2865.70,Ruben LOFTUS-CHEEK,Chelsea,-14.51,28.36
Chelsea v Manchester City,Second Half,2865.80,Ruben LOFTUS-CHEEK,Chelsea,-14.60,28.38
Chelsea v Manchester City,Second Half,2865.90,Ruben LOFTUS-CHEEK,Chelsea,-14.69,28.40
Chelsea v Manchester City,Second Half,2866.00,Ruben LOFTUS-CHEEK,Chelsea,-14.76,28.40
Chelsea v Manchester City,Second Half,2866.10,Ruben LOFTUS-CHEEK,Chelsea,-14.84,28.41
Chelsea v Manchester City,Second Half,2866.20,Ruben LOFTUS-CHEEK,Chelsea,-14.91,28.40
Chelsea v Manchester City,Second Half,2866.30,Ruben LOFTUS-CHEEK,Chelsea,-14.97,28.38
Chelsea v Manchester City,Second Half,2866.40,Ruben LOFTUS-CHEEK,Chelsea,-15.00,28.37
Chelsea v Manchester City,Second Half,2866.50,Ruben LOFTUS-CHEEK,Chelsea,-14.98,28.36
Chelsea v Manchester City,Second Half,2866.60,Ruben LOFTUS-CHEEK,Chelsea,-14.92,28.35
Chelsea v Manchester City,Second Half,2866.70,Ruben LOFTUS-CHEEK,Chelsea,-14.81,28.33
Chelsea v Manchester City,Second Half,2866.80,Ruben LOFTUS-CHEEK,Chelsea,-14.64,28.33
Chelsea v Manchester City,Second Half,2866.90,Ruben LOFTUS-CHEEK,Chelsea,-14.41,28.32
Chelsea v Manchester City,Second Half,2867.00,Ruben LOFTUS-CHEEK,Chelsea,-14.17,28.31
Chelsea v Manchester City,Second Half,2867.10,Ruben LOFTUS-CHEEK,Chelsea,-13.90,28.29
Chelsea v Manchester City,Second Half,2867.20,Ruben LOFTUS-CHEEK,Chelsea,-13.61,28.28
Chelsea v Manchester City,Second Half,2867.30,Ruben LOFTUS-CHEEK,Chelsea,-13.31,28.28
Chelsea v Manchester City,Second Half,2867.40,Ruben LOFTUS-CHEEK,Chelsea,-13.02,28.27
Chelsea v Manchester City,Second Half,2867.50,Ruben LOFTUS-CHEEK,Chelsea,-12.73,28.28
Chelsea v Manchester City,Second Half,2867.60,Ruben LOFTUS-CHEEK,Chelsea,-12.44,28.29
Chelsea v Manchester City,Second Half,2867.70,Ruben LOFTUS-CHEEK,Chelsea,-12.16,28.32
Chelsea v Manchester City,Second Half,2867.80,Ruben LOFTUS-CHEEK,Chelsea,-11.90,28.35
Chelsea v Manchester City,Second Half,2867.90,Ruben LOFTUS-CHEEK,Chelsea,-11.63,28.38
Chelsea v Manchester City,Second Half,2868.00,Ruben LOFTUS-CHEEK,Chelsea,-11.37,28.43
Chelsea v Manchester City,Second Half,2868.10,Ruben LOFTUS-CHEEK,Chelsea,-11.12,28.47
Chelsea v Manchester City,Second Half,2868.20,Ruben LOFTUS-CHEEK,Chelsea,-10.90,28.50
Chelsea v Manchester City,Second Half,2868.30,Ruben LOFTUS-CHEEK,Chelsea,-10.72,28.53
Chelsea v Manchester City,Second Half,2868.40,Ruben LOFTUS-CHEEK,Chelsea,-10.58,28.55
Chelsea v Manchester City,Second Half,2868.50,Ruben LOFTUS-CHEEK,Chelsea,-10.48,28.54
Chelsea v Manchester City,Second Half,2868.60,Ruben LOFTUS-CHEEK,Chelsea,-10.43,28.52
Chelsea v Manchester City,Second Half,2868.70,Ruben LOFTUS-CHEEK,Chelsea,-10.42,28.49
Chelsea v Manchester City,Second Half,2868.80,Ruben LOFTUS-CHEEK,Chelsea,-10.43,28.45
Chelsea v Manchester City,Second Half,2868.90,Ruben LOFTUS-CHEEK,Chelsea,-10.47,28.40
Chelsea v Manchester City,Second Half,2869.00,Ruben LOFTUS-CHEEK,Chelsea,-10.52,28.34
Chelsea v Manchester City,Second Half,2869.10,Ruben LOFTUS-CHEEK,Chelsea,-10.59,28.29
Chelsea v Manchester City,Second Half,2869.20,Ruben LOFTUS-CHEEK,Chelsea,-10.68,28.25
Chelsea v Manchester City,Second Half,2869.30,Ruben LOFTUS-CHEEK,Chelsea,-10.78,28.22
Chelsea v Manchester City,Second Half,2869.40,Ruben LOFTUS-CHEEK,Chelsea,-10.89,28.20
Chelsea v Manchester City,Second Half,2869.50,Ruben LOFTUS-CHEEK,Chelsea,-11.01,28.19
Chelsea v Manchester City,Second Half,2869.60,Ruben LOFTUS-CHEEK,Chelsea,-11.15,28.20
Chelsea v Manchester City,Second Half,2869.70,Ruben LOFTUS-CHEEK,Chelsea,-11.29,28.21
Chelsea v Manchester City,Second Half,2869.80,Ruben LOFTUS-CHEEK,Chelsea,-11.44,28.24
Chelsea v Manchester City,Second Half,2869.90,Ruben LOFTUS-CHEEK,Chelsea,-11.59,28.26
Chelsea v Manchester City,Second Half,2870.00,Ruben LOFTUS-CHEEK,Chelsea,-11.76,28.29
Chelsea v Manchester City,Second Half,2870.10,Ruben LOFTUS-CHEEK,Chelsea,-11.95,28.33
Chelsea v Manchester City,Second Half,2870.20,Ruben LOFTUS-CHEEK,Chelsea,-12.16,28.37
Chelsea v Manchester City,Second Half,2870.30,Ruben LOFTUS-CHEEK,Chelsea,-12.39,28.41
Chelsea v Manchester City,Second Half,2870.40,Ruben LOFTUS-CHEEK,Chelsea,-12.64,28.45
Chelsea v Manchester City,Second Half,2870.50,Ruben LOFTUS-CHEEK,Chelsea,-12.92,28.50
Chelsea v Manchester City,Second Half,2870.60,Ruben LOFTUS-CHEEK,Chelsea,-13.21,28.54
Chelsea v Manchester City,Second Half,2870.70,Ruben LOFTUS-CHEEK,Chelsea,-13.52,28.59
Chelsea v Manchester City,Second Half,2870.80,Ruben LOFTUS-CHEEK,Chelsea,-13.85,28.63
Chelsea v Manchester City,Second Half,2870.90,Ruben LOFTUS-CHEEK,Chelsea,-14.21,28.66
Chelsea v Manchester City,Second Half,2871.00,Ruben LOFTUS-CHEEK,Chelsea,-14.60,28.67
Chelsea v Manchester City,Second Half,2871.10,Ruben LOFTUS-CHEEK,Chelsea,-15.00,28.69
Chelsea v Manchester City,Second Half,2871.20,Ruben LOFTUS-CHEEK,Chelsea,-15.43,28.69
Chelsea v Manchester City,Second Half,2871.30,Ruben LOFTUS-CHEEK,Chelsea,-15.86,28.69
Chelsea v Manchester City,Second Half,2871.40,Ruben LOFTUS-CHEEK,Chelsea,-16.31,28.69
Chelsea v Manchester City,Second Half,2871.50,Ruben LOFTUS-CHEEK,Chelsea,-16.76,28.69
Chelsea v Manchester City,Second Half,2871.60,Ruben LOFTUS-CHEEK,Chelsea,-17.20,28.69
Chelsea v Manchester City,Second Half,2871.70,Ruben LOFTUS-CHEEK,Chelsea,-17.61,28.68
Chelsea v Manchester City,Second Half,2871.80,Ruben LOFTUS-CHEEK,Chelsea,-18.00,28.67
Chelsea v Manchester City,Second Half,2871.90,Ruben LOFTUS-CHEEK,Chelsea,-18.36,28.66
Chelsea v Manchester City,Second Half,2872.00,Ruben LOFTUS-CHEEK,Chelsea,-18.68,28.64
Chelsea v Manchester City,Second Half,2872.10,Ruben LOFTUS-CHEEK,Chelsea,-18.97,28.61
Chelsea v Manchester City,Second Half,2872.20,Ruben LOFTUS-CHEEK,Chelsea,-19.24,28.60
Chelsea v Manchester City,Second Half,2872.30,Ruben LOFTUS-CHEEK,Chelsea,-19.50,28.57
Chelsea v Manchester City,Second Half,2872.40,Ruben LOFTUS-CHEEK,Chelsea,-19.74,28.54
Chelsea v Manchester City,Second Half,2872.50,Ruben LOFTUS-CHEEK,Chelsea,-19.99,28.44
Chelsea v Manchester City,Second Half,2872.60,Ruben LOFTUS-CHEEK,Chelsea,-20.26,28.26
Chelsea v Manchester City,Second Half,2872.70,Ruben LOFTUS-CHEEK,Chelsea,-20.55,27.99
Chelsea v Manchester City,Second Half,2872.80,Ruben LOFTUS-CHEEK,Chelsea,-20.86,27.63
Chelsea v Manchester City,Second Half,2872.90,Ruben LOFTUS-CHEEK,Chelsea,-21.19,27.16
Chelsea v Manchester City,Second Half,2873.00,Ruben LOFTUS-CHEEK,Chelsea,-21.56,26.58
Chelsea v Manchester City,Second Half,2873.10,Ruben LOFTUS-CHEEK,Chelsea,-21.94,25.95
Chelsea v Manchester City,Second Half,2873.20,Ruben LOFTUS-CHEEK,Chelsea,-22.34,25.28
Chelsea v Manchester City,Second Half,2873.30,Ruben LOFTUS-CHEEK,Chelsea,-22.74,24.58
Chelsea v Manchester City,Second Half,2873.40,Ruben LOFTUS-CHEEK,Chelsea,-23.12,23.88
Chelsea v Manchester City,Second Half,2873.50,Ruben LOFTUS-CHEEK,Chelsea,-23.50,23.19
Chelsea v Manchester City,Second Half,2873.60,Ruben LOFTUS-CHEEK,Chelsea,-23.85,22.52
Chelsea v Manchester City,Second Half,2873.70,Ruben LOFTUS-CHEEK,Chelsea,-24.19,21.89
Chelsea v Manchester City,Second Half,2873.80,Ruben LOFTUS-CHEEK,Chelsea,-24.49,21.29
Chelsea v Manchester City,Second Half,2873.90,Ruben LOFTUS-CHEEK,Chelsea,-24.77,20.72
Chelsea v Manchester City,Second Half,2874.00,Ruben LOFTUS-CHEEK,Chelsea,-25.04,20.17
Chelsea v Manchester City,Second Half,2874.10,Ruben LOFTUS-CHEEK,Chelsea,-25.29,19.64
Chelsea v Manchester City,Second Half,2874.20,Ruben LOFTUS-CHEEK,Chelsea,-25.54,19.13
Chelsea v Manchester City,Second Half,2874.30,Ruben LOFTUS-CHEEK,Chelsea,-25.75,18.61
Chelsea v Manchester City,Second Half,2874.40,Ruben LOFTUS-CHEEK,Chelsea,-25.93,18.11
Chelsea v Manchester City,Second Half,2874.50,Ruben LOFTUS-CHEEK,Chelsea,-26.07,17.61
Chelsea v Manchester City,Second Half,2874.60,Ruben LOFTUS-CHEEK,Chelsea,-26.17,17.11
Chelsea v Manchester City,Second Half,2874.70,Ruben LOFTUS-CHEEK,Chelsea,-26.23,16.61
Chelsea v Manchester City,Second Half,2874.80,Ruben LOFTUS-CHEEK,Chelsea,-26.26,16.10
Chelsea v Manchester City,Second Half,2874.90,Ruben LOFTUS-CHEEK,Chelsea,-26.27,15.60
Chelsea v Manchester City,Second Half,2875.00,Ruben LOFTUS-CHEEK,Chelsea,-26.25,15.10
Chelsea v Manchester City,Second Half,2875.10,Ruben LOFTUS-CHEEK,Chelsea,-26.23,14.60
Chelsea v Manchester City,Second Half,2875.20,Ruben LOFTUS-CHEEK,Chelsea,-26.19,14.11
Chelsea v Manchester City,Second Half,2875.30,Ruben LOFTUS-CHEEK,Chelsea,-26.16,13.63
Chelsea v Manchester City,Second Half,2875.40,Ruben LOFTUS-CHEEK,Chelsea,-26.12,13.16
Chelsea v Manchester City,Second Half,2875.50,Ruben LOFTUS-CHEEK,Chelsea,-26.08,12.70
Chelsea v Manchester City,Second Half,2875.60,Ruben LOFTUS-CHEEK,Chelsea,-26.04,12.25
Chelsea v Manchester City,Second Half,2875.70,Ruben LOFTUS-CHEEK,Chelsea,-26.02,11.80
Chelsea v Manchester City,Second Half,2875.80,Ruben LOFTUS-CHEEK,Chelsea,-25.98,11.37
Chelsea v Manchester City,Second Half,2875.90,Ruben LOFTUS-CHEEK,Chelsea,-25.95,10.93
Chelsea v Manchester City,Second Half,2876.00,Ruben LOFTUS-CHEEK,Chelsea,-25.92,10.50
Chelsea v Manchester City,Second Half,2876.10,Ruben LOFTUS-CHEEK,Chelsea,-25.93,10.10
Chelsea v Manchester City,Second Half,2876.20,Ruben LOFTUS-CHEEK,Chelsea,-25.97,9.73
Chelsea v Manchester City,Second Half,2876.30,Ruben LOFTUS-CHEEK,Chelsea,-26.06,9.38
Chelsea v Manchester City,Second Half,2876.40,Ruben LOFTUS-CHEEK,Chelsea,-26.20,9.07
Chelsea v Manchester City,Second Half,2876.50,Ruben LOFTUS-CHEEK,Chelsea,-26.40,8.79
Chelsea v Manchester City,Second Half,2876.60,Ruben LOFTUS-CHEEK,Chelsea,-26.65,8.54
Chelsea v Manchester City,Second Half,2876.70,Ruben LOFTUS-CHEEK,Chelsea,-26.93,8.32
Chelsea v Manchester City,Second Half,2876.80,Ruben LOFTUS-CHEEK,Chelsea,-27.24,8.10
Chelsea v Manchester City,Second Half,2876.90,Ruben LOFTUS-CHEEK,Chelsea,-27.57,7.89
Chelsea v Manchester City,Second Half,2877.00,Ruben LOFTUS-CHEEK,Chelsea,-27.90,7.70
Chelsea v Manchester City,Second Half,2877.10,Ruben LOFTUS-CHEEK,Chelsea,-28.24,7.52
Chelsea v Manchester City,Second Half,2877.20,Ruben LOFTUS-CHEEK,Chelsea,-28.60,7.36
Chelsea v Manchester City,Second Half,2877.30,Ruben LOFTUS-CHEEK,Chelsea,-28.96,7.19
Chelsea v Manchester City,Second Half,2877.40,Ruben LOFTUS-CHEEK,Chelsea,-29.32,7.03
Chelsea v Manchester City,Second Half,2877.50,Ruben LOFTUS-CHEEK,Chelsea,-29.69,6.89
Chelsea v Manchester City,Second Half,2877.60,Ruben LOFTUS-CHEEK,Chelsea,-30.07,6.74
Chelsea v Manchester City,Second Half,2877.70,Ruben LOFTUS-CHEEK,Chelsea,-30.45,6.60
Chelsea v Manchester City,Second Half,2877.80,Ruben LOFTUS-CHEEK,Chelsea,-30.83,6.46
Chelsea v Manchester City,Second Half,2877.90,Ruben LOFTUS-CHEEK,Chelsea,-31.20,6.33
Chelsea v Manchester City,Second Half,2878.00,Ruben LOFTUS-CHEEK,Chelsea,-31.56,6.21
Chelsea v Manchester City,Second Half,2878.10,Ruben LOFTUS-CHEEK,Chelsea,-31.91,6.09
Chelsea v Manchester City,Second Half,2878.20,Ruben LOFTUS-CHEEK,Chelsea,-32.25,5.99
Chelsea v Manchester City,Second Half,2878.30,Ruben LOFTUS-CHEEK,Chelsea,-32.59,5.90
Chelsea v Manchester City,Second Half,2878.40,Ruben LOFTUS-CHEEK,Chelsea,-32.91,5.81
Chelsea v Manchester City,Second Half,2878.50,Ruben LOFTUS-CHEEK,Chelsea,-33.23,5.73
Chelsea v Manchester City,Second Half,2878.60,Ruben LOFTUS-CHEEK,Chelsea,-33.55,5.65
Chelsea v Manchester City,Second Half,2878.70,Ruben LOFTUS-CHEEK,Chelsea,-33.88,5.57
Chelsea v Manchester City,Second Half,2878.80,Ruben LOFTUS-CHEEK,Chelsea,-34.17,5.51
Chelsea v Manchester City,Second Half,2878.90,Ruben LOFTUS-CHEEK,Chelsea,-34.43,5.47
Chelsea v Manchester City,Second Half,2879.00,Ruben LOFTUS-CHEEK,Chelsea,-34.67,5.45
Chelsea v Manchester City,Second Half,2879.10,Ruben LOFTUS-CHEEK,Chelsea,-34.87,5.45
Chelsea v Manchester City,Second Half,2879.20,Ruben LOFTUS-CHEEK,Chelsea,-35.04,5.47
Chelsea v Manchester City,Second Half,2879.30,Ruben LOFTUS-CHEEK,Chelsea,-35.16,5.51
Chelsea v Manchester City,Second Half,2879.40,Ruben LOFTUS-CHEEK,Chelsea,-35.28,5.56
Chelsea v Manchester City,Second Half,2879.50,Ruben LOFTUS-CHEEK,Chelsea,-35.38,5.61
Chelsea v Manchester City,Second Half,2879.60,Ruben LOFTUS-CHEEK,Chelsea,-35.47,5.67
Chelsea v Manchester City,Second Half,2879.70,Ruben LOFTUS-CHEEK,Chelsea,-35.55,5.73
Chelsea v Manchester City,Second Half,2879.80,Ruben LOFTUS-CHEEK,Chelsea,-35.61,5.78
Chelsea v Manchester City,Second Half,2879.90,Ruben LOFTUS-CHEEK,Chelsea,-35.67,5.83
Chelsea v Manchester City,Second Half,2880.00,Ruben LOFTUS-CHEEK,Chelsea,-35.72,5.88
Chelsea v Manchester City,Second Half,2880.10,Ruben LOFTUS-CHEEK,Chelsea,-35.76,5.93
Chelsea v Manchester City,Second Half,2880.20,Ruben LOFTUS-CHEEK,Chelsea,-35.79,5.96
Chelsea v Manchester City,Second Half,2880.30,Ruben LOFTUS-CHEEK,Chelsea,-35.81,5.99
Chelsea v Manchester City,Second Half,2880.40,Ruben LOFTUS-CHEEK,Chelsea,-35.83,6.02
Chelsea v Manchester City,Second Half,2880.50,Ruben LOFTUS-CHEEK,Chelsea,-35.85,6.03
Chelsea v Manchester City,Second Half,2880.60,Ruben LOFTUS-CHEEK,Chelsea,-35.88,6.05
Chelsea v Manchester City,Second Half,2880.70,Ruben LOFTUS-CHEEK,Chelsea,-35.92,6.07
Chelsea v Manchester City,Second Half,2880.80,Ruben LOFTUS-CHEEK,Chelsea,-35.98,6.09
Chelsea v Manchester City,Second Half,2880.90,Ruben LOFTUS-CHEEK,Chelsea,-36.06,6.11
Chelsea v Manchester City,Second Half,2881.00,Ruben LOFTUS-CHEEK,Chelsea,-36.16,6.14
Chelsea v Manchester City,Second Half,2881.10,Ruben LOFTUS-CHEEK,Chelsea,-36.28,6.18
Chelsea v Manchester City,Second Half,2881.20,Ruben LOFTUS-CHEEK,Chelsea,-36.41,6.21
Chelsea v Manchester City,Second Half,2881.30,Ruben LOFTUS-CHEEK,Chelsea,-36.54,6.21
Chelsea v Manchester City,Second Half,2881.40,Ruben LOFTUS-CHEEK,Chelsea,-36.70,6.20
Chelsea v Manchester City,Second Half,2881.50,Ruben LOFTUS-CHEEK,Chelsea,-36.85,6.18
Chelsea v Manchester City,Second Half,2881.60,Ruben LOFTUS-CHEEK,Chelsea,-37.00,6.14
Chelsea v Manchester City,Second Half,2881.70,Ruben LOFTUS-CHEEK,Chelsea,-37.14,6.09
Chelsea v Manchester City,Second Half,2881.80,Ruben LOFTUS-CHEEK,Chelsea,-37.26,6.02
Chelsea v Manchester City,Second Half,2881.90,Ruben LOFTUS-CHEEK,Chelsea,-37.36,5.97
Chelsea v Manchester City,Second Half,2882.00,Ruben LOFTUS-CHEEK,Chelsea,-37.44,5.92
Chelsea v Manchester City,Second Half,2882.10,Ruben LOFTUS-CHEEK,Chelsea,-37.48,5.89
Chelsea v Manchester City,Second Half,2882.20,Ruben LOFTUS-CHEEK,Chelsea,-37.51,5.86
Chelsea v Manchester City,Second Half,2882.30,Ruben LOFTUS-CHEEK,Chelsea,-37.52,5.85
Chelsea v Manchester City,Second Half,2882.40,Ruben LOFTUS-CHEEK,Chelsea,-37.52,5.86
Chelsea v Manchester City,Second Half,2882.50,Ruben LOFTUS-CHEEK,Chelsea,-37.50,5.88
Chelsea v Manchester City,Second Half,2882.60,Ruben LOFTUS-CHEEK,Chelsea,-37.47,5.91
Chelsea v Manchester City,Second Half,2882.70,Ruben LOFTUS-CHEEK,Chelsea,-37.43,5.95
Chelsea v Manchester City,Second Half,2882.80,Ruben LOFTUS-CHEEK,Chelsea,-37.39,6.00
Chelsea v Manchester City,Second Half,2882.90,Ruben LOFTUS-CHEEK,Chelsea,-37.34,6.05
Chelsea v Manchester City,Second Half,2883.00,Ruben LOFTUS-CHEEK,Chelsea,-37.28,6.14
Chelsea v Manchester City,Second Half,2883.10,Ruben LOFTUS-CHEEK,Chelsea,-37.20,6.25
Chelsea v Manchester City,Second Half,2883.20,Ruben LOFTUS-CHEEK,Chelsea,-37.11,6.38
Chelsea v Manchester City,Second Half,2883.30,Ruben LOFTUS-CHEEK,Chelsea,-37.01,6.54
Chelsea v Manchester City,Second Half,2883.40,Ruben LOFTUS-CHEEK,Chelsea,-36.90,6.71
Chelsea v Manchester City,Second Half,2883.50,Ruben LOFTUS-CHEEK,Chelsea,-36.77,6.91
Chelsea v Manchester City,Second Half,2883.60,Ruben LOFTUS-CHEEK,Chelsea,-36.64,7.11
Chelsea v Manchester City,Second Half,2883.70,Ruben LOFTUS-CHEEK,Chelsea,-36.51,7.30
Chelsea v Manchester City,Second Half,2883.80,Ruben LOFTUS-CHEEK,Chelsea,-36.37,7.50
Chelsea v Manchester City,Second Half,2883.90,Ruben LOFTUS-CHEEK,Chelsea,-36.22,7.68
Chelsea v Manchester City,Second Half,2884.00,Ruben LOFTUS-CHEEK,Chelsea,-36.05,7.85
Chelsea v Manchester City,Second Half,2884.10,Ruben LOFTUS-CHEEK,Chelsea,-35.87,7.99
Chelsea v Manchester City,Second Half,2884.20,Ruben LOFTUS-CHEEK,Chelsea,-35.69,8.12
Chelsea v Manchester City,Second Half,2884.30,Ruben LOFTUS-CHEEK,Chelsea,-35.53,8.21
Chelsea v Manchester City,Second Half,2884.40,Ruben LOFTUS-CHEEK,Chelsea,-35.38,8.28
Chelsea v Manchester City,Second Half,2884.50,Ruben LOFTUS-CHEEK,Chelsea,-35.24,8.31
Chelsea v Manchester City,Second Half,2884.60,Ruben LOFTUS-CHEEK,Chelsea,-35.13,8.32
Chelsea v Manchester City,Second Half,2884.70,Ruben LOFTUS-CHEEK,Chelsea,-35.03,8.30
Chelsea v Manchester City,Second Half,2884.80,Ruben LOFTUS-CHEEK,Chelsea,-34.96,8.27
Chelsea v Manchester City,Second Half,2884.90,Ruben LOFTUS-CHEEK,Chelsea,-34.89,8.22
Chelsea v Manchester City,Second Half,2885.00,Ruben LOFTUS-CHEEK,Chelsea,-34.82,8.17
Chelsea v Manchester City,Second Half,2885.10,Ruben LOFTUS-CHEEK,Chelsea,-34.78,8.11
Chelsea v Manchester City,Second Half,2885.20,Ruben LOFTUS-CHEEK,Chelsea,-34.74,8.05
Chelsea v Manchester City,Second Half,2885.30,Ruben LOFTUS-CHEEK,Chelsea,-34.73,7.99
Chelsea v Manchester City,Second Half,2885.40,Ruben LOFTUS-CHEEK,Chelsea,-34.71,7.94
Chelsea v Manchester City,Second Half,2885.50,Ruben LOFTUS-CHEEK,Chelsea,-34.72,7.90
Chelsea v Manchester City,Second Half,2885.60,Ruben LOFTUS-CHEEK,Chelsea,-34.73,7.84
Chelsea v Manchester City,Second Half,2885.70,Ruben LOFTUS-CHEEK,Chelsea,-34.74,7.80
Chelsea v Manchester City,Second Half,2885.80,Ruben LOFTUS-CHEEK,Chelsea,-34.76,7.76
Chelsea v Manchester City,Second Half,2885.90,Ruben LOFTUS-CHEEK,Chelsea,-34.78,7.72
Chelsea v Manchester City,Second Half,2886.00,Ruben LOFTUS-CHEEK,Chelsea,-34.80,7.68
Chelsea v Manchester City,Second Half,2886.10,Ruben LOFTUS-CHEEK,Chelsea,-34.83,7.64
Chelsea v Manchester City,Second Half,2886.20,Ruben LOFTUS-CHEEK,Chelsea,-34.86,7.60
Chelsea v Manchester City,Second Half,2886.30,Ruben LOFTUS-CHEEK,Chelsea,-34.91,7.56
Chelsea v Manchester City,Second Half,2886.40,Ruben LOFTUS-CHEEK,Chelsea,-34.96,7.52
Chelsea v Manchester City,Second Half,2886.50,Ruben LOFTUS-CHEEK,Chelsea,-35.02,7.48
Chelsea v Manchester City,Second Half,2886.60,Ruben LOFTUS-CHEEK,Chelsea,-35.10,7.45
Chelsea v Manchester City,Second Half,2886.70,Ruben LOFTUS-CHEEK,Chelsea,-35.18,7.41
Chelsea v Manchester City,Second Half,2886.80,Ruben LOFTUS-CHEEK,Chelsea,-35.26,7.37
Chelsea v Manchester City,Second Half,2886.90,Ruben LOFTUS-CHEEK,Chelsea,-35.35,7.34
Chelsea v Manchester City,Second Half,2887.00,Ruben LOFTUS-CHEEK,Chelsea,-35.43,7.30
Chelsea v Manchester City,Second Half,2887.10,Ruben LOFTUS-CHEEK,Chelsea,-35.51,7.27
Chelsea v Manchester City,Second Half,2887.20,Ruben LOFTUS-CHEEK,Chelsea,-35.59,7.24
Chelsea v Manchester City,Second Half,2887.30,Ruben LOFTUS-CHEEK,Chelsea,-35.67,7.21
Chelsea v Manchester City,Second Half,2887.40,Ruben LOFTUS-CHEEK,Chelsea,-35.74,7.18
Chelsea v Manchester City,Second Half,2887.50,Ruben LOFTUS-CHEEK,Chelsea,-35.81,7.15
Chelsea v Manchester City,Second Half,2887.60,Ruben LOFTUS-CHEEK,Chelsea,-35.88,7.12
Chelsea v Manchester City,Second Half,2887.70,Ruben LOFTUS-CHEEK,Chelsea,-35.95,7.10
Chelsea v Manchester City,Second Half,2887.80,Ruben LOFTUS-CHEEK,Chelsea,-36.01,7.08
Chelsea v Manchester City,Second Half,2887.90,Ruben LOFTUS-CHEEK,Chelsea,-36.09,7.04
Chelsea v Manchester City,Second Half,2888.00,Ruben LOFTUS-CHEEK,Chelsea,-36.18,7.00
Chelsea v Manchester City,Second Half,2888.10,Ruben LOFTUS-CHEEK,Chelsea,-36.27,6.95
Chelsea v Manchester City,Second Half,2888.20,Ruben LOFTUS-CHEEK,Chelsea,-36.38,6.89
Chelsea v Manchester City,Second Half,2888.30,Ruben LOFTUS-CHEEK,Chelsea,-36.50,6.81
Chelsea v Manchester City,Second Half,2888.40,Ruben LOFTUS-CHEEK,Chelsea,-36.65,6.73
Chelsea v Manchester City,Second Half,2888.50,Ruben LOFTUS-CHEEK,Chelsea,-36.80,6.64
Chelsea v Manchester City,Second Half,2888.60,Ruben LOFTUS-CHEEK,Chelsea,-36.95,6.56
Chelsea v Manchester City,Second Half,2888.70,Ruben LOFTUS-CHEEK,Chelsea,-37.10,6.47
Chelsea v Manchester City,Second Half,2888.80,Ruben LOFTUS-CHEEK,Chelsea,-37.26,6.36
Chelsea v Manchester City,Second Half,2888.90,Ruben LOFTUS-CHEEK,Chelsea,-37.42,6.26
Chelsea v Manchester City,Second Half,2889.00,Ruben LOFTUS-CHEEK,Chelsea,-37.58,6.14
Chelsea v Manchester City,Second Half,2889.10,Ruben LOFTUS-CHEEK,Chelsea,-37.74,6.03
Chelsea v Manchester City,Second Half,2889.20,Ruben LOFTUS-CHEEK,Chelsea,-37.90,5.90
Chelsea v Manchester City,Second Half,2889.30,Ruben LOFTUS-CHEEK,Chelsea,-38.06,5.76
Chelsea v Manchester City,Second Half,2889.40,Ruben LOFTUS-CHEEK,Chelsea,-38.22,5.63
Chelsea v Manchester City,Second Half,2889.50,Ruben LOFTUS-CHEEK,Chelsea,-38.38,5.49
Chelsea v Manchester City,Second Half,2889.60,Ruben LOFTUS-CHEEK,Chelsea,-38.54,5.35
Chelsea v Manchester City,Second Half,2889.70,Ruben LOFTUS-CHEEK,Chelsea,-38.69,5.22
Chelsea v Manchester City,Second Half,2889.80,Ruben LOFTUS-CHEEK,Chelsea,-38.84,5.11
Chelsea v Manchester City,Second Half,2889.90,Ruben LOFTUS-CHEEK,Chelsea,-38.99,5.02
Chelsea v Manchester City,Second Half,2890.00,Ruben LOFTUS-CHEEK,Chelsea,-39.13,4.94
Chelsea v Manchester City,Second Half,2890.10,Ruben LOFTUS-CHEEK,Chelsea,-39.26,4.89
Chelsea v Manchester City,Second Half,2890.20,Ruben LOFTUS-CHEEK,Chelsea,-39.39,4.85
Chelsea v Manchester City,Second Half,2890.30,Ruben LOFTUS-CHEEK,Chelsea,-39.52,4.82
Chelsea v Manchester City,Second Half,2890.40,Ruben LOFTUS-CHEEK,Chelsea,-39.64,4.79
Chelsea v Manchester City,Second Half,2890.50,Ruben LOFTUS-CHEEK,Chelsea,-39.75,4.77
Chelsea v Manchester City,Second Half,2890.60,Ruben LOFTUS-CHEEK,Chelsea,-39.86,4.77
Chelsea v Manchester City,Second Half,2890.70,Ruben LOFTUS-CHEEK,Chelsea,-39.96,4.79
Chelsea v Manchester City,Second Half,2890.80,Ruben LOFTUS-CHEEK,Chelsea,-40.05,4.83
Chelsea v Manchester City,Second Half,2890.90,Ruben LOFTUS-CHEEK,Chelsea,-40.12,4.90
Chelsea v Manchester City,Second Half,2891.00,Ruben LOFTUS-CHEEK,Chelsea,-40.19,4.99
Chelsea v Manchester City,Second Half,2891.10,Ruben LOFTUS-CHEEK,Chelsea,-40.23,5.11
Chelsea v Manchester City,Second Half,2891.20,Ruben LOFTUS-CHEEK,Chelsea,-40.27,5.23
Chelsea v Manchester City,Second Half,2891.30,Ruben LOFTUS-CHEEK,Chelsea,-40.31,5.37
Chelsea v Manchester City,Second Half,2891.40,Ruben LOFTUS-CHEEK,Chelsea,-40.34,5.52
Chelsea v Manchester City,Second Half,2891.50,Ruben LOFTUS-CHEEK,Chelsea,-40.39,5.67
Chelsea v Manchester City,Second Half,2891.60,Ruben LOFTUS-CHEEK,Chelsea,-40.45,5.82
Chelsea v Manchester City,Second Half,2891.70,Ruben LOFTUS-CHEEK,Chelsea,-40.52,5.96
Chelsea v Manchester City,Second Half,2891.80,Ruben LOFTUS-CHEEK,Chelsea,-40.62,6.11
Chelsea v Manchester City,Second Half,2891.90,Ruben LOFTUS-CHEEK,Chelsea,-40.73,6.25
Chelsea v Manchester City,Second Half,2892.00,Ruben LOFTUS-CHEEK,Chelsea,-40.86,6.39
Chelsea v Manchester City,Second Half,2892.10,Ruben LOFTUS-CHEEK,Chelsea,-41.01,6.53
Chelsea v Manchester City,Second Half,2892.20,Ruben LOFTUS-CHEEK,Chelsea,-41.16,6.66
Chelsea v Manchester City,Second Half,2892.30,Ruben LOFTUS-CHEEK,Chelsea,-41.33,6.79
Chelsea v Manchester City,Second Half,2892.40,Ruben LOFTUS-CHEEK,Chelsea,-41.49,6.91
Chelsea v Manchester City,Second Half,2892.50,Ruben LOFTUS-CHEEK,Chelsea,-41.64,7.04
Chelsea v Manchester City,Second Half,2892.60,Ruben LOFTUS-CHEEK,Chelsea,-41.78,7.17
Chelsea v Manchester City,Second Half,2892.70,Ruben LOFTUS-CHEEK,Chelsea,-41.92,7.29
Chelsea v Manchester City,Second Half,2892.80,Ruben LOFTUS-CHEEK,Chelsea,-42.03,7.41
Chelsea v Manchester City,Second Half,2892.90,Ruben LOFTUS-CHEEK,Chelsea,-42.13,7.53
Chelsea v Manchester City,Second Half,2893.00,Ruben LOFTUS-CHEEK,Chelsea,-42.23,7.65
Chelsea v Manchester City,Second Half,2893.10,Ruben LOFTUS-CHEEK,Chelsea,-42.32,7.76
Chelsea v Manchester City,Second Half,2893.20,Ruben LOFTUS-CHEEK,Chelsea,-42.40,7.87
Chelsea v Manchester City,Second Half,2893.30,Ruben LOFTUS-CHEEK,Chelsea,-42.49,7.97
Chelsea v Manchester City,Second Half,2893.40,Ruben LOFTUS-CHEEK,Chelsea,-42.60,8.09
Chelsea v Manchester City,Second Half,2893.50,Ruben LOFTUS-CHEEK,Chelsea,-42.71,8.20
Chelsea v Manchester City,Second Half,2893.60,Ruben LOFTUS-CHEEK,Chelsea,-42.83,8.32
Chelsea v Manchester City,Second Half,2893.70,Ruben LOFTUS-CHEEK,Chelsea,-42.97,8.43
Chelsea v Manchester City,Second Half,2893.80,Ruben LOFTUS-CHEEK,Chelsea,-43.12,8.55
Chelsea v Manchester City,Second Half,2893.90,Ruben LOFTUS-CHEEK,Chelsea,-43.28,8.67
Chelsea v Manchester City,Second Half,2894.00,Ruben LOFTUS-CHEEK,Chelsea,-43.44,8.79
Chelsea v Manchester City,Second Half,2894.10,Ruben LOFTUS-CHEEK,Chelsea,-43.60,8.91
Chelsea v Manchester City,Second Half,2894.20,Ruben LOFTUS-CHEEK,Chelsea,-43.76,9.02
Chelsea v Manchester City,Second Half,2894.30,Ruben LOFTUS-CHEEK,Chelsea,-43.91,9.15
Chelsea v Manchester City,Second Half,2894.40,Ruben LOFTUS-CHEEK,Chelsea,-44.04,9.28
Chelsea v Manchester City,Second Half,2894.50,Ruben LOFTUS-CHEEK,Chelsea,-44.16,9.40
Chelsea v Manchester City,Second Half,2894.60,Ruben LOFTUS-CHEEK,Chelsea,-44.26,9.53
Chelsea v Manchester City,Second Half,2894.70,Ruben LOFTUS-CHEEK,Chelsea,-44.34,9.67
Chelsea v Manchester City,Second Half,2894.80,Ruben LOFTUS-CHEEK,Chelsea,-44.42,9.81
Chelsea v Manchester City,Second Half,2894.90,Ruben LOFTUS-CHEEK,Chelsea,-44.49,9.95
Chelsea v Manchester City,Second Half,2895.00,Ruben LOFTUS-CHEEK,Chelsea,-44.56,10.10
Chelsea v Manchester City,Second Half,2895.10,Ruben LOFTUS-CHEEK,Chelsea,-44.60,10.23
Chelsea v Manchester City,Second Half,2895.20,Ruben LOFTUS-CHEEK,Chelsea,-44.60,10.37
Chelsea v Manchester City,Second Half,2895.30,Ruben LOFTUS-CHEEK,Chelsea,-44.58,10.50
Chelsea v Manchester City,Second Half,2895.40,Ruben LOFTUS-CHEEK,Chelsea,-44.52,10.62
Chelsea v Manchester City,Second Half,2895.50,Ruben LOFTUS-CHEEK,Chelsea,-44.43,10.74
Chelsea v Manchester City,Second Half,2895.60,Ruben LOFTUS-CHEEK,Chelsea,-44.31,10.84
Chelsea v Manchester City,Second Half,2895.70,Ruben LOFTUS-CHEEK,Chelsea,-44.20,10.93
Chelsea v Manchester City,Second Half,2895.80,Ruben LOFTUS-CHEEK,Chelsea,-44.09,11.01
Chelsea v Manchester City,Second Half,2895.90,Ruben LOFTUS-CHEEK,Chelsea,-43.99,11.08
Chelsea v Manchester City,Second Half,2896.00,Ruben LOFTUS-CHEEK,Chelsea,-43.89,11.13
Chelsea v Manchester City,Second Half,2896.10,Ruben LOFTUS-CHEEK,Chelsea,-43.81,11.16
Chelsea v Manchester City,Second Half,2896.20,Ruben LOFTUS-CHEEK,Chelsea,-43.73,11.19
Chelsea v Manchester City,Second Half,2896.30,Ruben LOFTUS-CHEEK,Chelsea,-43.63,11.22
Chelsea v Manchester City,Second Half,2896.40,Ruben LOFTUS-CHEEK,Chelsea,-43.53,11.23
Chelsea v Manchester City,Second Half,2896.50,Ruben LOFTUS-CHEEK,Chelsea,-43.43,11.24
Chelsea v Manchester City,Second Half,2896.60,Ruben LOFTUS-CHEEK,Chelsea,-43.31,11.24
Chelsea v Manchester City,Second Half,2896.70,Ruben LOFTUS-CHEEK,Chelsea,-43.18,11.24
Chelsea v Manchester City,Second Half,2896.80,Ruben LOFTUS-CHEEK,Chelsea,-43.03,11.24
Chelsea v Manchester City,Second Half,2896.90,Ruben LOFTUS-CHEEK,Chelsea,-42.86,11.24
Chelsea v Manchester City,Second Half,2897.00,Ruben LOFTUS-CHEEK,Chelsea,-42.68,11.25
Chelsea v Manchester City,Second Half,2897.10,Ruben LOFTUS-CHEEK,Chelsea,-42.51,11.25
Chelsea v Manchester City,Second Half,2897.20,Ruben LOFTUS-CHEEK,Chelsea,-42.33,11.25
Chelsea v Manchester City,Second Half,2897.30,Ruben LOFTUS-CHEEK,Chelsea,-42.17,11.24
Chelsea v Manchester City,Second Half,2897.40,Ruben LOFTUS-CHEEK,Chelsea,-42.02,11.22
Chelsea v Manchester City,Second Half,2897.50,Ruben LOFTUS-CHEEK,Chelsea,-41.90,11.19
Chelsea v Manchester City,Second Half,2897.60,Ruben LOFTUS-CHEEK,Chelsea,-41.79,11.16
Chelsea v Manchester City,Second Half,2897.70,Ruben LOFTUS-CHEEK,Chelsea,-41.69,11.12
Chelsea v Manchester City,Second Half,2897.80,Ruben LOFTUS-CHEEK,Chelsea,-41.59,11.08
Chelsea v Manchester City,Second Half,2897.90,Ruben LOFTUS-CHEEK,Chelsea,-41.49,11.03
Chelsea v Manchester City,Second Half,2898.00,Ruben LOFTUS-CHEEK,Chelsea,-41.39,10.98
Chelsea v Manchester City,Second Half,2898.10,Ruben LOFTUS-CHEEK,Chelsea,-41.27,10.92
Chelsea v Manchester City,Second Half,2898.20,Ruben LOFTUS-CHEEK,Chelsea,-41.15,10.87
Chelsea v Manchester City,Second Half,2898.30,Ruben LOFTUS-CHEEK,Chelsea,-41.02,10.81
Chelsea v Manchester City,Second Half,2898.40,Ruben LOFTUS-CHEEK,Chelsea,-40.87,10.75
Chelsea v Manchester City,Second Half,2898.50,Ruben LOFTUS-CHEEK,Chelsea,-40.73,10.68
Chelsea v Manchester City,Second Half,2898.60,Ruben LOFTUS-CHEEK,Chelsea,-40.58,10.60
Chelsea v Manchester City,Second Half,2898.70,Ruben LOFTUS-CHEEK,Chelsea,-40.43,10.54
Chelsea v Manchester City,Second Half,2898.80,Ruben LOFTUS-CHEEK,Chelsea,-40.28,10.47
Chelsea v Manchester City,Second Half,2898.90,Ruben LOFTUS-CHEEK,Chelsea,-40.13,10.41
Chelsea v Manchester City,Second Half,2899.00,Ruben LOFTUS-CHEEK,Chelsea,-39.99,10.37
Chelsea v Manchester City,Second Half,2899.10,Ruben LOFTUS-CHEEK,Chelsea,-39.84,10.34
Chelsea v Manchester City,Second Half,2899.20,Ruben LOFTUS-CHEEK,Chelsea,-39.70,10.31
Chelsea v Manchester City,Second Half,2899.30,Ruben LOFTUS-CHEEK,Chelsea,-39.56,10.28
Chelsea v Manchester City,Second Half,2899.40,Ruben LOFTUS-CHEEK,Chelsea,-39.42,10.26
Chelsea v Manchester City,Second Half,2899.50,Ruben LOFTUS-CHEEK,Chelsea,-39.29,10.23
Chelsea v Manchester City,Second Half,2899.60,Ruben LOFTUS-CHEEK,Chelsea,-39.16,10.20
Chelsea v Manchester City,Second Half,2899.70,Ruben LOFTUS-CHEEK,Chelsea,-39.05,10.18
Chelsea v Manchester City,Second Half,2899.80,Ruben LOFTUS-CHEEK,Chelsea,-38.94,10.16
Chelsea v Manchester City,Second Half,2899.90,Ruben LOFTUS-CHEEK,Chelsea,-38.84,10.15
Chelsea v Manchester City,Second Half,2900.00,Ruben LOFTUS-CHEEK,Chelsea,-38.75,10.14
Chelsea v Manchester City,Second Half,2900.10,Ruben LOFTUS-CHEEK,Chelsea,-38.66,10.13
Chelsea v Manchester City,Second Half,2900.20,Ruben LOFTUS-CHEEK,Chelsea,-38.57,10.11
Chelsea v Manchester City,Second Half,2900.30,Ruben LOFTUS-CHEEK,Chelsea,-38.47,10.09
Chelsea v Manchester City,Second Half,2900.40,Ruben LOFTUS-CHEEK,Chelsea,-38.34,10.05
Chelsea v Manchester City,Second Half,2900.50,Ruben LOFTUS-CHEEK,Chelsea,-38.21,9.99
Chelsea v Manchester City,Second Half,2900.60,Ruben LOFTUS-CHEEK,Chelsea,-38.05,9.92
Chelsea v Manchester City,Second Half,2900.70,Ruben LOFTUS-CHEEK,Chelsea,-37.88,9.83
Chelsea v Manchester City,Second Half,2900.80,Ruben LOFTUS-CHEEK,Chelsea,-37.68,9.73
Chelsea v Manchester City,Second Half,2900.90,Ruben LOFTUS-CHEEK,Chelsea,-37.48,9.62
Chelsea v Manchester City,Second Half,2901.00,Ruben LOFTUS-CHEEK,Chelsea,-37.28,9.51
Chelsea v Manchester City,Second Half,2901.10,Ruben LOFTUS-CHEEK,Chelsea,-37.08,9.39
Chelsea v Manchester City,Second Half,2901.20,Ruben LOFTUS-CHEEK,Chelsea,-36.88,9.26
Chelsea v Manchester City,Second Half,2901.30,Ruben LOFTUS-CHEEK,Chelsea,-36.68,9.13
Chelsea v Manchester City,Second Half,2901.40,Ruben LOFTUS-CHEEK,Chelsea,-36.50,8.99
Chelsea v Manchester City,Second Half,2901.50,Ruben LOFTUS-CHEEK,Chelsea,-36.31,8.85
Chelsea v Manchester City,Second Half,2901.60,Ruben LOFTUS-CHEEK,Chelsea,-36.12,8.70
Chelsea v Manchester City,Second Half,2901.70,Ruben LOFTUS-CHEEK,Chelsea,-35.94,8.54
Chelsea v Manchester City,Second Half,2901.80,Ruben LOFTUS-CHEEK,Chelsea,-35.75,8.38
Chelsea v Manchester City,Second Half,2901.90,Ruben LOFTUS-CHEEK,Chelsea,-35.57,8.22
Chelsea v Manchester City,Second Half,2902.00,Ruben LOFTUS-CHEEK,Chelsea,-35.37,8.05
Chelsea v Manchester City,Second Half,2902.10,Ruben LOFTUS-CHEEK,Chelsea,-35.19,7.90
Chelsea v Manchester City,Second Half,2902.20,Ruben LOFTUS-CHEEK,Chelsea,-35.01,7.76
Chelsea v Manchester City,Second Half,2902.30,Ruben LOFTUS-CHEEK,Chelsea,-34.84,7.65
Chelsea v Manchester City,Second Half,2902.40,Ruben LOFTUS-CHEEK,Chelsea,-34.67,7.53
Chelsea v Manchester City,Second Half,2902.50,Ruben LOFTUS-CHEEK,Chelsea,-34.52,7.44
Chelsea v Manchester City,Second Half,2902.60,Ruben LOFTUS-CHEEK,Chelsea,-34.38,7.35
Chelsea v Manchester City,Second Half,2902.70,Ruben LOFTUS-CHEEK,Chelsea,-34.27,7.28
Chelsea v Manchester City,Second Half,2902.80,Ruben LOFTUS-CHEEK,Chelsea,-34.16,7.20
Chelsea v Manchester City,Second Half,2902.90,Ruben LOFTUS-CHEEK,Chelsea,-34.07,7.11
Chelsea v Manchester City,Second Half,2903.00,Ruben LOFTUS-CHEEK,Chelsea,-34.00,7.03
Chelsea v Manchester City,Second Half,2903.10,Ruben LOFTUS-CHEEK,Chelsea,-33.94,6.95
Chelsea v Manchester City,Second Half,2903.20,Ruben LOFTUS-CHEEK,Chelsea,-33.89,6.88
Chelsea v Manchester City,Second Half,2903.30,Ruben LOFTUS-CHEEK,Chelsea,-33.83,6.80
Chelsea v Manchester City,Second Half,2903.40,Ruben LOFTUS-CHEEK,Chelsea,-33.78,6.72
Chelsea v Manchester City,Second Half,2903.50,Ruben LOFTUS-CHEEK,Chelsea,-33.72,6.63
Chelsea v Manchester City,Second Half,2903.60,Ruben LOFTUS-CHEEK,Chelsea,-33.66,6.53
Chelsea v Manchester City,Second Half,2903.70,Ruben LOFTUS-CHEEK,Chelsea,-33.59,6.41
Chelsea v Manchester City,Second Half,2903.80,Ruben LOFTUS-CHEEK,Chelsea,-33.53,6.26
Chelsea v Manchester City,Second Half,2903.90,Ruben LOFTUS-CHEEK,Chelsea,-33.44,6.10
Chelsea v Manchester City,Second Half,2904.00,Ruben LOFTUS-CHEEK,Chelsea,-33.35,5.91
Chelsea v Manchester City,Second Half,2904.10,Ruben LOFTUS-CHEEK,Chelsea,-33.24,5.71
Chelsea v Manchester City,Second Half,2904.20,Ruben LOFTUS-CHEEK,Chelsea,-33.12,5.49
Chelsea v Manchester City,Second Half,2904.30,Ruben LOFTUS-CHEEK,Chelsea,-33.01,5.27
Chelsea v Manchester City,Second Half,2904.40,Ruben LOFTUS-CHEEK,Chelsea,-32.88,5.07
Chelsea v Manchester City,Second Half,2904.50,Ruben LOFTUS-CHEEK,Chelsea,-32.76,4.89
Chelsea v Manchester City,Second Half,2904.60,Ruben LOFTUS-CHEEK,Chelsea,-32.66,4.72
Chelsea v Manchester City,Second Half,2904.70,Ruben LOFTUS-CHEEK,Chelsea,-32.58,4.59
Chelsea v Manchester City,Second Half,2904.80,Ruben LOFTUS-CHEEK,Chelsea,-32.51,4.48
Chelsea v Manchester City,Second Half,2904.90,Ruben LOFTUS-CHEEK,Chelsea,-32.44,4.38
Chelsea v Manchester City,Second Half,2905.00,Ruben LOFTUS-CHEEK,Chelsea,-32.37,4.28
Chelsea v Manchester City,Second Half,2905.10,Ruben LOFTUS-CHEEK,Chelsea,-32.30,4.18
Chelsea v Manchester City,Second Half,2905.20,Ruben LOFTUS-CHEEK,Chelsea,-32.23,4.07
Chelsea v Manchester City,Second Half,2905.30,Ruben LOFTUS-CHEEK,Chelsea,-32.15,3.95
Chelsea v Manchester City,Second Half,2905.40,Ruben LOFTUS-CHEEK,Chelsea,-32.06,3.82
Chelsea v Manchester City,Second Half,2905.50,Ruben LOFTUS-CHEEK,Chelsea,-31.97,3.68
Chelsea v Manchester City,Second Half,2905.60,Ruben LOFTUS-CHEEK,Chelsea,-31.87,3.52
Chelsea v Manchester City,Second Half,2905.70,Ruben LOFTUS-CHEEK,Chelsea,-31.77,3.35
Chelsea v Manchester City,Second Half,2905.80,Ruben LOFTUS-CHEEK,Chelsea,-31.66,3.17
Chelsea v Manchester City,Second Half,2905.90,Ruben LOFTUS-CHEEK,Chelsea,-31.54,2.97
Chelsea v Manchester City,Second Half,2906.00,Ruben LOFTUS-CHEEK,Chelsea,-31.41,2.74
Chelsea v Manchester City,Second Half,2906.10,Ruben LOFTUS-CHEEK,Chelsea,-31.28,2.50
Chelsea v Manchester City,Second Half,2906.20,Ruben LOFTUS-CHEEK,Chelsea,-31.14,2.26
Chelsea v Manchester City,Second Half,2906.30,Ruben LOFTUS-CHEEK,Chelsea,-31.00,1.98
Chelsea v Manchester City,Second Half,2906.40,Ruben LOFTUS-CHEEK,Chelsea,-30.87,1.67
Chelsea v Manchester City,Second Half,2906.50,Ruben LOFTUS-CHEEK,Chelsea,-30.75,1.34
Chelsea v Manchester City,Second Half,2906.60,Ruben LOFTUS-CHEEK,Chelsea,-30.63,1.00
Chelsea v Manchester City,Second Half,2906.70,Ruben LOFTUS-CHEEK,Chelsea,-30.54,0.66
Chelsea v Manchester City,Second Half,2906.80,Ruben LOFTUS-CHEEK,Chelsea,-30.47,0.33
Chelsea v Manchester City,Second Half,2906.90,Ruben LOFTUS-CHEEK,Chelsea,-30.44,0.04
Chelsea v Manchester City,Second Half,2907.00,Ruben LOFTUS-CHEEK,Chelsea,-30.43,-0.22
Chelsea v Manchester City,Second Half,2907.10,Ruben LOFTUS-CHEEK,Chelsea,-30.45,-0.44
Chelsea v Manchester City,Second Half,2907.20,Ruben LOFTUS-CHEEK,Chelsea,-30.49,-0.62
Chelsea v Manchester City,Second Half,2907.30,Ruben LOFTUS-CHEEK,Chelsea,-30.55,-0.78
Chelsea v Manchester City,Second Half,2907.40,Ruben LOFTUS-CHEEK,Chelsea,-30.63,-0.94
Chelsea v Manchester City,Second Half,2907.50,Ruben LOFTUS-CHEEK,Chelsea,-30.71,-1.08
Chelsea v Manchester City,Second Half,2907.60,Ruben LOFTUS-CHEEK,Chelsea,-30.81,-1.22
Chelsea v Manchester City,Second Half,2907.70,Ruben LOFTUS-CHEEK,Chelsea,-30.93,-1.36
Chelsea v Manchester City,Second Half,2907.80,Ruben LOFTUS-CHEEK,Chelsea,-31.05,-1.50
Chelsea v Manchester City,Second Half,2907.90,Ruben LOFTUS-CHEEK,Chelsea,-31.18,-1.64
Chelsea v Manchester City,Second Half,2908.00,Ruben LOFTUS-CHEEK,Chelsea,-31.31,-1.75
Chelsea v Manchester City,Second Half,2908.10,Ruben LOFTUS-CHEEK,Chelsea,-31.43,-1.87
Chelsea v Manchester City,Second Half,2908.20,Ruben LOFTUS-CHEEK,Chelsea,-31.55,-1.97
Chelsea v Manchester City,Second Half,2908.30,Ruben LOFTUS-CHEEK,Chelsea,-31.67,-2.07
Chelsea v Manchester City,Second Half,2908.40,Ruben LOFTUS-CHEEK,Chelsea,-31.77,-2.15
Chelsea v Manchester City,Second Half,2908.50,Ruben LOFTUS-CHEEK,Chelsea,-31.86,-2.21
Chelsea v Manchester City,Second Half,2908.60,Ruben LOFTUS-CHEEK,Chelsea,-31.95,-2.27
Chelsea v Manchester City,Second Half,2908.70,Ruben LOFTUS-CHEEK,Chelsea,-32.05,-2.32
Chelsea v Manchester City,Second Half,2908.80,Ruben LOFTUS-CHEEK,Chelsea,-32.16,-2.37
Chelsea v Manchester City,Second Half,2908.90,Ruben LOFTUS-CHEEK,Chelsea,-32.29,-2.41
Chelsea v Manchester City,Second Half,2909.00,Ruben LOFTUS-CHEEK,Chelsea,-32.44,-2.44
Chelsea v Manchester City,Second Half,2909.10,Ruben LOFTUS-CHEEK,Chelsea,-32.60,-2.46
Chelsea v Manchester City,Second Half,2909.20,Ruben LOFTUS-CHEEK,Chelsea,-32.78,-2.47
Chelsea v Manchester City,Second Half,2909.30,Ruben LOFTUS-CHEEK,Chelsea,-32.96,-2.48
Chelsea v Manchester City,Second Half,2909.40,Ruben LOFTUS-CHEEK,Chelsea,-33.15,-2.46
Chelsea v Manchester City,Second Half,2909.50,Ruben LOFTUS-CHEEK,Chelsea,-33.34,-2.43
Chelsea v Manchester City,Second Half,2909.60,Ruben LOFTUS-CHEEK,Chelsea,-33.53,-2.39
Chelsea v Manchester City,Second Half,2909.70,Ruben LOFTUS-CHEEK,Chelsea,-33.73,-2.34
Chelsea v Manchester City,Second Half,2909.80,Ruben LOFTUS-CHEEK,Chelsea,-33.95,-2.28
Chelsea v Manchester City,Second Half,2909.90,Ruben LOFTUS-CHEEK,Chelsea,-34.17,-2.20
Chelsea v Manchester City,Second Half,2910.00,Ruben LOFTUS-CHEEK,Chelsea,-34.42,-2.11
Chelsea v Manchester City,Second Half,2910.10,Ruben LOFTUS-CHEEK,Chelsea,-34.66,-2.02
Chelsea v Manchester City,Second Half,2910.20,Ruben LOFTUS-CHEEK,Chelsea,-34.90,-1.91
Chelsea v Manchester City,Second Half,2910.30,Ruben LOFTUS-CHEEK,Chelsea,-35.13,-1.82
Chelsea v Manchester City,Second Half,2910.40,Ruben LOFTUS-CHEEK,Chelsea,-35.33,-1.72
Chelsea v Manchester City,Second Half,2910.50,Ruben LOFTUS-CHEEK,Chelsea,-35.53,-1.65
Chelsea v Manchester City,Second Half,2910.60,Ruben LOFTUS-CHEEK,Chelsea,-35.70,-1.59
Chelsea v Manchester City,Second Half,2910.70,Ruben LOFTUS-CHEEK,Chelsea,-35.88,-1.55
Chelsea v Manchester City,Second Half,2910.80,Ruben LOFTUS-CHEEK,Chelsea,-36.06,-1.54
Chelsea v Manchester City,Second Half,2910.90,Ruben LOFTUS-CHEEK,Chelsea,-36.23,-1.53
Chelsea v Manchester City,Second Half,2911.00,Ruben LOFTUS-CHEEK,Chelsea,-36.38,-1.54
Chelsea v Manchester City,Second Half,2911.10,Ruben LOFTUS-CHEEK,Chelsea,-36.51,-1.55
Chelsea v Manchester City,Second Half,2911.20,Ruben LOFTUS-CHEEK,Chelsea,-36.62,-1.56
Chelsea v Manchester City,Second Half,2911.30,Ruben LOFTUS-CHEEK,Chelsea,-36.71,-1.57
Chelsea v Manchester City,Second Half,2911.40,Ruben LOFTUS-CHEEK,Chelsea,-36.77,-1.58
Chelsea v Manchester City,Second Half,2911.50,Ruben LOFTUS-CHEEK,Chelsea,-36.82,-1.58
Chelsea v Manchester City,Second Half,2911.60,Ruben LOFTUS-CHEEK,Chelsea,-36.86,-1.59
Chelsea v Manchester City,Second Half,2911.70,Ruben LOFTUS-CHEEK,Chelsea,-37.00,-1.60
Chelsea v Manchester City,Second Half,2911.80,Ruben LOFTUS-CHEEK,Chelsea,-37.00,-1.60
Chelsea v Manchester City,Second Half,2911.90,Ruben LOFTUS-CHEEK,Chelsea,-37.00,-1.60
Chelsea v Manchester City,Second Half,2912.00,Ruben LOFTUS-CHEEK,Chelsea,-37.00,-1.60
Chelsea v Manchester City,Second Half,2912.10,Ruben LOFTUS-CHEEK,Chelsea,-37.00,-1.60
